# B-i.2 site classification — HISTORICAL RECORD, coordinates pinned at rev 632539b.
#
# READ THIS BEFORE USING THE COORDINATES. The `(file, line, column)` in `site` are
# at 632539b — the tree B-i.2b consumed — NOT at HEAD. That pinning is deliberate: it
# is what makes `--check` reproducible. It also means the coordinates DRIFT as the
# tree moves; round 7 measured 27 drifted rows after fix round 8 grew
# `generated_wire_boundary.rs`.
#
# If you are B-w.1 (or anyone who needs to FIND these sites), do NOT use this file.
# Use `scripts/bi2-wire-inheritance.tsv`, which is regenerated against the working
# tree and carries its own rev stamp:
#     python3 scripts/bi2-wire-inheritance.py          # regenerate
#     python3 scripts/bi2-wire-inheritance.py --check  # reds if stale
#
# Regenerate this file with:  python3 scripts/bi2-classify-sites.py
# Verify it with:            python3 scripts/bi2-classify-sites.py --check
site	family	identifier	class	evidence	scope	target_or_owner
anvil-core/src/domain/activity_summary.rs:11:53	F3-kind	workflow_kind	prose	comment/doc prose whose referent still legitimately carries the legacy name; renaming it would make the doc describe something that does not exist	defer	prose naming the persisted JSONL key / wire JSON key, which B-i.2b deliberately did NOT move — C-d.2 (persisted) / B-w.1 (wire)
anvil-core/src/domain/activity_summary.rs:12:35	F3-kind	workflow_kind	prose	comment/doc prose whose referent still legitimately carries the legacy name; renaming it would make the doc describe something that does not exist	defer	prose naming the persisted JSONL key / wire JSON key, which B-i.2b deliberately did NOT move — C-d.2 (persisted) / B-w.1 (wire)
anvil-core/src/domain/activity_summary.rs:29:52	F3-kind	workflow_kind	prose	comment/doc prose whose referent still legitimately carries the legacy name; renaming it would make the doc describe something that does not exist	defer	prose naming the persisted JSONL key / wire JSON key, which B-i.2b deliberately did NOT move — C-d.2 (persisted) / B-w.1 (wire)
anvil-core/src/domain/activity_summary.rs:59:33	F3-kind	workflow_kind	prose	comment/doc prose whose referent still legitimately carries the legacy name; renaming it would make the doc describe something that does not exist	defer	prose naming the persisted JSONL key / wire JSON key, which B-i.2b deliberately did NOT move — C-d.2 (persisted) / B-w.1 (wire)
anvil-core/src/domain/activity_summary.rs:146:57	F3-kind	workflow_kind	prose	comment/doc prose whose referent still legitimately carries the legacy name; renaming it would make the doc describe something that does not exist	defer	prose naming the persisted JSONL key / wire JSON key, which B-i.2b deliberately did NOT move — C-d.2 (persisted) / B-w.1 (wire)
anvil-core/src/domain/activity_summary.rs:212:20	F3-kind	workflow_kind	core-domain	anvil-core/Cargo.toml [dependencies] = chrono,rand,serde,serde_json,serde_yaml,sha2,tokio (no anvil-engine, no prost) AND `rg 'anvil_engine::|prost' anvil-core/src` = 0 hits -> core-domain BY CONSTRUCTION	rename	artifact_kind
anvil-core/src/domain/activity_summary.rs:213:39	F3-kind	workflow_kind	core-domain	anvil-core/Cargo.toml [dependencies] = chrono,rand,serde,serde_json,serde_yaml,sha2,tokio (no anvil-engine, no prost) AND `rg 'anvil_engine::|prost' anvil-core/src` = 0 hits -> core-domain BY CONSTRUCTION	rename	artifact_kind
anvil-core/src/domain/activity_summary.rs:256:16	F3-kind	workflow_kind	prose	comment/doc prose whose referent still legitimately carries the legacy name; renaming it would make the doc describe something that does not exist	defer	prose naming the persisted JSONL key / wire JSON key, which B-i.2b deliberately did NOT move — C-d.2 (persisted) / B-w.1 (wire)
anvil-core/src/domain/activity_summary.rs:257:58	F1-activity	WorkflowActivity	prose	comment/doc prose whose referent still legitimately carries the legacy name; renaming it would make the doc describe something that does not exist	defer	prose naming the gRPC RPC (proto/anvil.proto:18,24) — B-w.1 / NG-PROTO-VNEXT
anvil-core/src/domain/activity_summary.rs:264:20	F3-kind	workflow_kind	core-domain	anvil-core/Cargo.toml [dependencies] = chrono,rand,serde,serde_json,serde_yaml,sha2,tokio (no anvil-engine, no prost) AND `rg 'anvil_engine::|prost' anvil-core/src` = 0 hits -> core-domain BY CONSTRUCTION	rename	artifact_kind
anvil-core/src/domain/activity_summary.rs:265:34	F3-kind	workflow_kind	core-domain	anvil-core/Cargo.toml [dependencies] = chrono,rand,serde,serde_json,serde_yaml,sha2,tokio (no anvil-engine, no prost) AND `rg 'anvil_engine::|prost' anvil-core/src` = 0 hits -> core-domain BY CONSTRUCTION	rename	artifact_kind
anvil-core/src/domain/actor_activity.rs:38:9	F3-kind	workflow_kinds	core-domain	anvil-core/Cargo.toml [dependencies] = chrono,rand,serde,serde_json,serde_yaml,sha2,tokio (no anvil-engine, no prost) AND `rg 'anvil_engine::|prost' anvil-core/src` = 0 hits -> core-domain BY CONSTRUCTION	rename	artifact_kinds
anvil-core/src/domain/actor_activity.rs:52:5	F3-kind	workflow_kinds	core-domain	anvil-core/Cargo.toml [dependencies] = chrono,rand,serde,serde_json,serde_yaml,sha2,tokio (no anvil-engine, no prost) AND `rg 'anvil_engine::|prost' anvil-core/src` = 0 hits -> core-domain BY CONSTRUCTION	rename	artifact_kinds
anvil-core/src/domain/actor_activity.rs:60:6	F3-kind	workflow_kinds	prose	comment/doc prose whose referent still legitimately carries the legacy name; renaming it would make the doc describe something that does not exist	defer	prose naming the persisted JSONL key / wire JSON key, which B-i.2b deliberately did NOT move — C-d.2 (persisted) / B-w.1 (wire)
anvil-core/src/domain/actor_activity.rs:65:43	F3-kind	workflow_kinds	prose	comment/doc prose whose referent still legitimately carries the legacy name; renaming it would make the doc describe something that does not exist	defer	prose naming the persisted JSONL key / wire JSON key, which B-i.2b deliberately did NOT move — C-d.2 (persisted) / B-w.1 (wire)
anvil-core/src/domain/actor_activity.rs:69:41	F3-kind	workflow_kinds	prose	comment/doc prose whose referent still legitimately carries the legacy name; renaming it would make the doc describe something that does not exist	defer	prose naming the persisted JSONL key / wire JSON key, which B-i.2b deliberately did NOT move — C-d.2 (persisted) / B-w.1 (wire)
anvil-core/src/domain/actor_activity.rs:85:17	F3-kind	workflow_kinds	core-domain	anvil-core/Cargo.toml [dependencies] = chrono,rand,serde,serde_json,serde_yaml,sha2,tokio (no anvil-engine, no prost) AND `rg 'anvil_engine::|prost' anvil-core/src` = 0 hits -> core-domain BY CONSTRUCTION	rename	artifact_kinds
anvil-core/src/domain/actor_activity.rs:89:21	F3-kind	workflow_kinds	core-domain	anvil-core/Cargo.toml [dependencies] = chrono,rand,serde,serde_json,serde_yaml,sha2,tokio (no anvil-engine, no prost) AND `rg 'anvil_engine::|prost' anvil-core/src` = 0 hits -> core-domain BY CONSTRUCTION	rename	artifact_kinds
anvil-core/src/domain/actor_activity.rs:104:13	F3-kind	workflow_kinds	core-domain	anvil-core/Cargo.toml [dependencies] = chrono,rand,serde,serde_json,serde_yaml,sha2,tokio (no anvil-engine, no prost) AND `rg 'anvil_engine::|prost' anvil-core/src` = 0 hits -> core-domain BY CONSTRUCTION	rename	artifact_kinds
anvil-core/src/domain/actor_activity.rs:104:33	F3-kind	workflow_kinds	core-domain	anvil-core/Cargo.toml [dependencies] = chrono,rand,serde,serde_json,serde_yaml,sha2,tokio (no anvil-engine, no prost) AND `rg 'anvil_engine::|prost' anvil-core/src` = 0 hits -> core-domain BY CONSTRUCTION	rename	artifact_kinds
anvil-core/src/domain/actor_activity.rs:122:67	F3-kind	workflow_kinds	prose	comment/doc prose whose referent still legitimately carries the legacy name; renaming it would make the doc describe something that does not exist	defer	prose naming the persisted JSONL key / wire JSON key, which B-i.2b deliberately did NOT move — C-d.2 (persisted) / B-w.1 (wire)
anvil-core/src/domain/begin.rs:951:34	F4-generation	workflow_generation	masked-literal	string literal — the persisted JSONL key (C-d.2) or the wire JSON key (B-w.1). NOT renamed by B-i.2b.	defer	C-d.2 / B-w.1
anvil-core/src/domain/hook_manifest.rs:25:27	F3-kind	workflow_kind	prose	comment/doc prose whose referent still legitimately carries the legacy name; renaming it would make the doc describe something that does not exist	defer	prose naming the persisted JSONL key / wire JSON key, which B-i.2b deliberately did NOT move — C-d.2 (persisted) / B-w.1 (wire)
anvil-core/src/domain/hook_manifest.rs:30:9	F3-kind	workflow_kind	core-domain	anvil-core/Cargo.toml [dependencies] = chrono,rand,serde,serde_json,serde_yaml,sha2,tokio (no anvil-engine, no prost) AND `rg 'anvil_engine::|prost' anvil-core/src` = 0 hits -> core-domain BY CONSTRUCTION	rename	artifact_kind
anvil-core/src/domain/hook_manifest.rs:34:22	F3-kind	workflow_kind	prose	comment/doc prose whose referent still legitimately carries the legacy name; renaming it would make the doc describe something that does not exist	defer	prose naming the persisted JSONL key / wire JSON key, which B-i.2b deliberately did NOT move — C-d.2 (persisted) / B-w.1 (wire)
anvil-core/src/domain/hook_manifest.rs:48:34	F3-kind	workflow_kind	prose	comment/doc prose whose referent still legitimately carries the legacy name; renaming it would make the doc describe something that does not exist	defer	prose naming the persisted JSONL key / wire JSON key, which B-i.2b deliberately did NOT move — C-d.2 (persisted) / B-w.1 (wire)
anvil-core/src/domain/hook_manifest.rs:50:17	F3-kind	workflow_kind	prose	comment/doc prose whose referent still legitimately carries the legacy name; renaming it would make the doc describe something that does not exist	defer	prose naming the persisted JSONL key / wire JSON key, which B-i.2b deliberately did NOT move — C-d.2 (persisted) / B-w.1 (wire)
anvil-core/src/domain/hook_manifest.rs:53:10	F3-kind	workflow_kind	prose	comment/doc prose whose referent still legitimately carries the legacy name; renaming it would make the doc describe something that does not exist	defer	prose naming the persisted JSONL key / wire JSON key, which B-i.2b deliberately did NOT move — C-d.2 (persisted) / B-w.1 (wire)
anvil-core/src/domain/hook_manifest.rs:88:21	F3-kind	workflow_kind	core-domain	anvil-core/Cargo.toml [dependencies] = chrono,rand,serde,serde_json,serde_yaml,sha2,tokio (no anvil-engine, no prost) AND `rg 'anvil_engine::|prost' anvil-core/src` = 0 hits -> core-domain BY CONSTRUCTION	rename	artifact_kind
anvil-core/src/domain/hook_manifest.rs:99:11	F3-kind	workflow_kind	core-domain	anvil-core/Cargo.toml [dependencies] = chrono,rand,serde,serde_json,serde_yaml,sha2,tokio (no anvil-engine, no prost) AND `rg 'anvil_engine::|prost' anvil-core/src` = 0 hits -> core-domain BY CONSTRUCTION	rename	artifact_kind
anvil-core/src/domain/hook_manifest.rs:100:21	F3-kind	workflow_kind	core-domain	anvil-core/Cargo.toml [dependencies] = chrono,rand,serde,serde_json,serde_yaml,sha2,tokio (no anvil-engine, no prost) AND `rg 'anvil_engine::|prost' anvil-core/src` = 0 hits -> core-domain BY CONSTRUCTION	rename	artifact_kind
anvil-core/src/domain/outcome_predicate_fold.rs:100:20	F3-kind	workflow_kind	core-domain	anvil-core/Cargo.toml [dependencies] = chrono,rand,serde,serde_json,serde_yaml,sha2,tokio (no anvil-engine, no prost) AND `rg 'anvil_engine::|prost' anvil-core/src` = 0 hits -> core-domain BY CONSTRUCTION	rename	artifact_kind
anvil-core/src/domain/outcome_predicate_fold.rs:103:43	F3-kind	workflow_kind	core-domain	anvil-core/Cargo.toml [dependencies] = chrono,rand,serde,serde_json,serde_yaml,sha2,tokio (no anvil-engine, no prost) AND `rg 'anvil_engine::|prost' anvil-core/src` = 0 hits -> core-domain BY CONSTRUCTION	rename	artifact_kind
anvil-core/src/domain/playbook/registry.rs:37:30	F4-generation	workflow_generation	prose	comment/doc prose whose referent still legitimately carries the legacy name; renaming it would make the doc describe something that does not exist	defer	PROVENANCE: names the pre-rename identifier on purpose; migrating it would make the sentence false — NO OWNER, it stays
anvil-core/src/domain/playbook/registry.rs:47:30	F4-generation	workflow_generation	prose	comment/doc prose whose referent still legitimately carries the legacy name; renaming it would make the doc describe something that does not exist	defer	prose naming the persisted status.yaml kind VALUE, which keeps its live read alias — C-d.2
anvil-core/src/domain/playbook/registry.rs:53:34	F4-generation	workflow_generation	masked-literal	string literal — the persisted JSONL key (C-d.2) or the wire JSON key (B-w.1). NOT renamed by B-i.2b.	defer	C-d.2 / B-w.1
anvil-core/src/domain/playbook/registry.rs:54:39	F4-generation	workflow_generation	masked-literal	string literal — the persisted JSONL key (C-d.2) or the wire JSON key (B-w.1). NOT renamed by B-i.2b.	defer	C-d.2 / B-w.1
anvil-core/src/domain/playbook/registry.rs:61:49	F4-generation	workflow_generation	prose	comment/doc prose whose referent still legitimately carries the legacy name; renaming it would make the doc describe something that does not exist	defer	PROVENANCE: names the pre-rename identifier on purpose; migrating it would make the sentence false — NO OWNER, it stays
anvil-core/src/domain/playbook/registry.rs:63:45	F4-generation	workflow_generation	masked-literal	string literal — the persisted JSONL key (C-d.2) or the wire JSON key (B-w.1). NOT renamed by B-i.2b.	defer	C-d.2 / B-w.1
anvil-core/src/domain/route.rs:3:31	F3-kind	workflow_kinds	prose	comment/doc prose whose referent still legitimately carries the legacy name; renaming it would make the doc describe something that does not exist	defer	prose naming the persisted JSONL key / wire JSON key, which B-i.2b deliberately did NOT move — C-d.2 (persisted) / B-w.1 (wire)
anvil-core/src/domain/snapshot.rs:316:34	F4-generation	workflow_generation	masked-literal	string literal — the persisted JSONL key (C-d.2) or the wire JSON key (B-w.1). NOT renamed by B-i.2b.	defer	C-d.2 / B-w.1
anvil-core/src/domain/status.rs:132:63	F1-activity	WorkflowActivity	prose	comment/doc prose whose referent still legitimately carries the legacy name; renaming it would make the doc describe something that does not exist	defer	prose naming the gRPC RPC (proto/anvil.proto:18,24) — B-w.1 / NG-PROTO-VNEXT
anvil-core/src/domain/step_two_by_two.rs:39:28	F3-kind	workflow_kind	prose	comment/doc prose whose referent still legitimately carries the legacy name; renaming it would make the doc describe something that does not exist	defer	prose naming the persisted JSONL key / wire JSON key, which B-i.2b deliberately did NOT move — C-d.2 (persisted) / B-w.1 (wire)
anvil-core/src/domain/step_two_by_two.rs:124:20	F3-kind	workflow_kind	core-domain	anvil-core/Cargo.toml [dependencies] = chrono,rand,serde,serde_json,serde_yaml,sha2,tokio (no anvil-engine, no prost) AND `rg 'anvil_engine::|prost' anvil-core/src` = 0 hits -> core-domain BY CONSTRUCTION	rename	artifact_kind
anvil-core/src/domain/step_two_by_two.rs:127:43	F3-kind	workflow_kind	core-domain	anvil-core/Cargo.toml [dependencies] = chrono,rand,serde,serde_json,serde_yaml,sha2,tokio (no anvil-engine, no prost) AND `rg 'anvil_engine::|prost' anvil-core/src` = 0 hits -> core-domain BY CONSTRUCTION	rename	artifact_kind
anvil-core/src/domain/step_two_by_two.rs:177:32	F3-kind	workflow_kind	core-domain	anvil-core/Cargo.toml [dependencies] = chrono,rand,serde,serde_json,serde_yaml,sha2,tokio (no anvil-engine, no prost) AND `rg 'anvil_engine::|prost' anvil-core/src` = 0 hits -> core-domain BY CONSTRUCTION	rename	artifact_kind
anvil-core/src/domain/survivor_outcome.rs:93:20	F3-kind	workflow_kind	core-domain	anvil-core/Cargo.toml [dependencies] = chrono,rand,serde,serde_json,serde_yaml,sha2,tokio (no anvil-engine, no prost) AND `rg 'anvil_engine::|prost' anvil-core/src` = 0 hits -> core-domain BY CONSTRUCTION	rename	artifact_kind
anvil-core/src/domain/survivor_outcome.rs:96:43	F3-kind	workflow_kind	core-domain	anvil-core/Cargo.toml [dependencies] = chrono,rand,serde,serde_json,serde_yaml,sha2,tokio (no anvil-engine, no prost) AND `rg 'anvil_engine::|prost' anvil-core/src` = 0 hits -> core-domain BY CONSTRUCTION	rename	artifact_kind
anvil-core/src/domain/usage_timeseries.rs:9:58	F1-activity	WorkflowActivity	prose	comment/doc prose whose referent still legitimately carries the legacy name; renaming it would make the doc describe something that does not exist	defer	prose naming the gRPC RPC (proto/anvil.proto:18,24) — B-w.1 / NG-PROTO-VNEXT
anvil-core/src/domain/usage_timeseries.rs:235:52	F3-kind	workflow_kind	prose	comment/doc prose whose referent still legitimately carries the legacy name; renaming it would make the doc describe something that does not exist	defer	prose naming the persisted JSONL key / wire JSON key, which B-i.2b deliberately did NOT move — C-d.2 (persisted) / B-w.1 (wire)
anvil-core/src/domain/usage_timeseries.rs:264:20	F3-kind	workflow_kind	core-domain	anvil-core/Cargo.toml [dependencies] = chrono,rand,serde,serde_json,serde_yaml,sha2,tokio (no anvil-engine, no prost) AND `rg 'anvil_engine::|prost' anvil-core/src` = 0 hits -> core-domain BY CONSTRUCTION	rename	artifact_kind
anvil-core/src/domain/usage_timeseries.rs:268:31	F3-kind	workflow_kind	core-domain	anvil-core/Cargo.toml [dependencies] = chrono,rand,serde,serde_json,serde_yaml,sha2,tokio (no anvil-engine, no prost) AND `rg 'anvil_engine::|prost' anvil-core/src` = 0 hits -> core-domain BY CONSTRUCTION	rename	artifact_kind
anvil-core/src/domain/usage_timeseries.rs:341:67	F3-kind	workflow_kind	prose	comment/doc prose whose referent still legitimately carries the legacy name; renaming it would make the doc describe something that does not exist	defer	PROVENANCE: names the pre-rename identifier on purpose; migrating it would make the sentence false — NO OWNER, it stays
anvil-core/src/domain/usage_timeseries.rs:344:37	F3-kind	workflow_kind	core-domain	anvil-core/Cargo.toml [dependencies] = chrono,rand,serde,serde_json,serde_yaml,sha2,tokio (no anvil-engine, no prost) AND `rg 'anvil_engine::|prost' anvil-core/src` = 0 hits -> core-domain BY CONSTRUCTION	rename	artifact_kind
anvil-core/src/domain/usage_timeseries.rs:347:21	F3-kind	workflow_kind	core-domain	anvil-core/Cargo.toml [dependencies] = chrono,rand,serde,serde_json,serde_yaml,sha2,tokio (no anvil-engine, no prost) AND `rg 'anvil_engine::|prost' anvil-core/src` = 0 hits -> core-domain BY CONSTRUCTION	rename	artifact_kind
anvil-core/src/domain/workflow_activity.rs:1:5	F1-activity	WorkflowActivity	prose	comment/doc prose whose referent still legitimately carries the legacy name; renaming it would make the doc describe something that does not exist	defer	prose naming the gRPC RPC (proto/anvil.proto:18,24) — B-w.1 / NG-PROTO-VNEXT
anvil-core/src/domain/workflow_activity.rs:36:12	F1-activity	WorkflowActivityEntry	core-domain	anvil-core/Cargo.toml [dependencies] = chrono,rand,serde,serde_json,serde_yaml,sha2,tokio (no anvil-engine, no prost) AND `rg 'anvil_engine::|prost' anvil-core/src` = 0 hits -> core-domain BY CONSTRUCTION	rename	ArtifactActivityEntry
anvil-core/src/domain/workflow_activity.rs:47:22	F1-activity	WorkflowActivityEntry	core-domain	anvil-core/Cargo.toml [dependencies] = chrono,rand,serde,serde_json,serde_yaml,sha2,tokio (no anvil-engine, no prost) AND `rg 'anvil_engine::|prost' anvil-core/src` = 0 hits -> core-domain BY CONSTRUCTION	rename	ArtifactActivityEntry
anvil-core/src/domain/workflow_activity.rs:50:14	F1-activity	WorkflowActivity	prose	comment/doc prose whose referent still legitimately carries the legacy name; renaming it would make the doc describe something that does not exist	defer	prose naming the gRPC RPC (proto/anvil.proto:18,24) — B-w.1 / NG-PROTO-VNEXT
anvil-core/src/domain/workflow_activity.rs:52:12	F1-activity	WorkflowActivityResult	core-domain	anvil-core/Cargo.toml [dependencies] = chrono,rand,serde,serde_json,serde_yaml,sha2,tokio (no anvil-engine, no prost) AND `rg 'anvil_engine::|prost' anvil-core/src` = 0 hits -> core-domain BY CONSTRUCTION	rename	ArtifactActivityResult
anvil-core/src/domain/workflow_activity.rs:56:6	F1-activity	WorkflowActivityResult	core-domain	anvil-core/Cargo.toml [dependencies] = chrono,rand,serde,serde_json,serde_yaml,sha2,tokio (no anvil-engine, no prost) AND `rg 'anvil_engine::|prost' anvil-core/src` = 0 hits -> core-domain BY CONSTRUCTION	rename	ArtifactActivityResult
anvil-core/src/domain/workflow_activity.rs:58:52	F1-activity	WorkflowActivityEntry	core-domain	anvil-core/Cargo.toml [dependencies] = chrono,rand,serde,serde_json,serde_yaml,sha2,tokio (no anvil-engine, no prost) AND `rg 'anvil_engine::|prost' anvil-core/src` = 0 hits -> core-domain BY CONSTRUCTION	rename	ArtifactActivityEntry
anvil-core/src/domain/workflow_activity.rs:70:18	F1-activity	WorkflowActivityQuery	prose	doc comment naming a type B-i.2b renames; leaving it stale breaks the rustdoc intra-doc link (cargo doc reports it, cargo build does not)	rename	ArtifactActivityQuery
anvil-core/src/domain/workflow_activity.rs:82:28	F1-activity	WorkflowActivity	prose	comment/doc prose whose referent still legitimately carries the legacy name; renaming it would make the doc describe something that does not exist	defer	prose naming the gRPC RPC (proto/anvil.proto:18,24) — B-w.1 / NG-PROTO-VNEXT
anvil-core/src/domain/workflow_activity.rs:83:12	F1-activity	WorkflowActivityQuery	core-domain	anvil-core/Cargo.toml [dependencies] = chrono,rand,serde,serde_json,serde_yaml,sha2,tokio (no anvil-engine, no prost) AND `rg 'anvil_engine::|prost' anvil-core/src` = 0 hits -> core-domain BY CONSTRUCTION	rename	ArtifactActivityQuery
anvil-core/src/domain/workflow_activity.rs:85:6	F1-activity	WorkflowActivityQuery	core-domain	anvil-core/Cargo.toml [dependencies] = chrono,rand,serde,serde_json,serde_yaml,sha2,tokio (no anvil-engine, no prost) AND `rg 'anvil_engine::|prost' anvil-core/src` = 0 hits -> core-domain BY CONSTRUCTION	rename	ArtifactActivityQuery
anvil-core/src/domain/workflow_activity.rs:90:10	F1-activity	WorkflowActivityResult	core-domain	anvil-core/Cargo.toml [dependencies] = chrono,rand,serde,serde_json,serde_yaml,sha2,tokio (no anvil-engine, no prost) AND `rg 'anvil_engine::|prost' anvil-core/src` = 0 hits -> core-domain BY CONSTRUCTION	rename	ArtifactActivityResult
anvil-core/src/domain/workflow_activity.rs:96:49	F3-kind	workflow_kind	prose	comment/doc prose whose referent still legitimately carries the legacy name; renaming it would make the doc describe something that does not exist	defer	prose naming the persisted JSONL key / wire JSON key, which B-i.2b deliberately did NOT move — C-d.2 (persisted) / B-w.1 (wire)
anvil-core/src/domain/workflow_activity.rs:105:10	F1-activity	WorkflowActivityResult	core-domain	anvil-core/Cargo.toml [dependencies] = chrono,rand,serde,serde_json,serde_yaml,sha2,tokio (no anvil-engine, no prost) AND `rg 'anvil_engine::|prost' anvil-core/src` = 0 hits -> core-domain BY CONSTRUCTION	rename	ArtifactActivityResult
anvil-core/src/domain/workflow_activity.rs:108:48	F1-activity	WorkflowActivityEntry	core-domain	anvil-core/Cargo.toml [dependencies] = chrono,rand,serde,serde_json,serde_yaml,sha2,tokio (no anvil-engine, no prost) AND `rg 'anvil_engine::|prost' anvil-core/src` = 0 hits -> core-domain BY CONSTRUCTION	rename	ArtifactActivityEntry
anvil-core/src/domain/workflow_activity.rs:118:23	F1-activity	WorkflowActivityEntry	core-domain	anvil-core/Cargo.toml [dependencies] = chrono,rand,serde,serde_json,serde_yaml,sha2,tokio (no anvil-engine, no prost) AND `rg 'anvil_engine::|prost' anvil-core/src` = 0 hits -> core-domain BY CONSTRUCTION	rename	ArtifactActivityEntry
anvil-core/src/domain/workflow_activity.rs:134:9	F1-activity	WorkflowActivityResult	core-domain	anvil-core/Cargo.toml [dependencies] = chrono,rand,serde,serde_json,serde_yaml,sha2,tokio (no anvil-engine, no prost) AND `rg 'anvil_engine::|prost' anvil-core/src` = 0 hits -> core-domain BY CONSTRUCTION	rename	ArtifactActivityResult
anvil-core/src/domain/workflow_fidelity.rs:1:5	F2-fidelity	WorkflowFidelity	prose	comment/doc prose whose referent still legitimately carries the legacy name; renaming it would make the doc describe something that does not exist	defer	prose naming the gRPC RPC (proto/anvil.proto:18,24) — B-w.1 / NG-PROTO-VNEXT
anvil-core/src/domain/workflow_fidelity.rs:9:52	F3-kind	workflow_kind	prose	comment/doc prose whose referent still legitimately carries the legacy name; renaming it would make the doc describe something that does not exist	defer	prose naming the persisted JSONL key / wire JSON key, which B-i.2b deliberately did NOT move — C-d.2 (persisted) / B-w.1 (wire)
anvil-core/src/domain/workflow_fidelity.rs:65:12	F2-fidelity	WorkflowInstanceFidelity	core-domain	anvil-core/Cargo.toml [dependencies] = chrono,rand,serde,serde_json,serde_yaml,sha2,tokio (no anvil-engine, no prost) AND `rg 'anvil_engine::|prost' anvil-core/src` = 0 hits -> core-domain BY CONSTRUCTION	rename	PlaybookRunInstanceFidelity
anvil-core/src/domain/workflow_fidelity.rs:93:14	F2-fidelity	WorkflowFidelity	prose	comment/doc prose whose referent still legitimately carries the legacy name; renaming it would make the doc describe something that does not exist	defer	prose naming the gRPC RPC (proto/anvil.proto:18,24) — B-w.1 / NG-PROTO-VNEXT
anvil-core/src/domain/workflow_fidelity.rs:95:12	F2-fidelity	WorkflowFidelityResult	core-domain	anvil-core/Cargo.toml [dependencies] = chrono,rand,serde,serde_json,serde_yaml,sha2,tokio (no anvil-engine, no prost) AND `rg 'anvil_engine::|prost' anvil-core/src` = 0 hits -> core-domain BY CONSTRUCTION	rename	PlaybookRunFidelityResult
anvil-core/src/domain/workflow_fidelity.rs:99:24	F2-fidelity	WorkflowInstanceFidelity	core-domain	anvil-core/Cargo.toml [dependencies] = chrono,rand,serde,serde_json,serde_yaml,sha2,tokio (no anvil-engine, no prost) AND `rg 'anvil_engine::|prost' anvil-core/src` = 0 hits -> core-domain BY CONSTRUCTION	rename	PlaybookRunInstanceFidelity
anvil-core/src/domain/workflow_fidelity.rs:155:6	F2-fidelity	WorkflowFidelityResult	core-domain	anvil-core/Cargo.toml [dependencies] = chrono,rand,serde,serde_json,serde_yaml,sha2,tokio (no anvil-engine, no prost) AND `rg 'anvil_engine::|prost' anvil-core/src` = 0 hits -> core-domain BY CONSTRUCTION	rename	PlaybookRunFidelityResult
anvil-core/src/domain/workflow_fidelity.rs:167:55	F3-kind	workflow_kind	prose	comment/doc prose whose referent still legitimately carries the legacy name; renaming it would make the doc describe something that does not exist	defer	prose naming the persisted JSONL key / wire JSON key, which B-i.2b deliberately did NOT move — C-d.2 (persisted) / B-w.1 (wire)
anvil-core/src/domain/workflow_fidelity.rs:168:20	F3-kind	workflow_kind	core-domain	anvil-core/Cargo.toml [dependencies] = chrono,rand,serde,serde_json,serde_yaml,sha2,tokio (no anvil-engine, no prost) AND `rg 'anvil_engine::|prost' anvil-core/src` = 0 hits -> core-domain BY CONSTRUCTION	rename	artifact_kind
anvil-core/src/domain/workflow_fidelity.rs:171:43	F3-kind	workflow_kind	core-domain	anvil-core/Cargo.toml [dependencies] = chrono,rand,serde,serde_json,serde_yaml,sha2,tokio (no anvil-engine, no prost) AND `rg 'anvil_engine::|prost' anvil-core/src` = 0 hits -> core-domain BY CONSTRUCTION	rename	artifact_kind
anvil-core/src/domain/workflow_fidelity.rs:197:28	F2-fidelity	WorkflowInstanceFidelity	core-domain	anvil-core/Cargo.toml [dependencies] = chrono,rand,serde,serde_json,serde_yaml,sha2,tokio (no anvil-engine, no prost) AND `rg 'anvil_engine::|prost' anvil-core/src` = 0 hits -> core-domain BY CONSTRUCTION	rename	PlaybookRunInstanceFidelity
anvil-core/src/domain/workflow_fidelity.rs:237:24	F2-fidelity	WorkflowInstanceFidelity	core-domain	anvil-core/Cargo.toml [dependencies] = chrono,rand,serde,serde_json,serde_yaml,sha2,tokio (no anvil-engine, no prost) AND `rg 'anvil_engine::|prost' anvil-core/src` = 0 hits -> core-domain BY CONSTRUCTION	rename	PlaybookRunInstanceFidelity
anvil-core/src/domain/workflow_fidelity.rs:293:5	F2-fidelity	WorkflowFidelityResult	core-domain	anvil-core/Cargo.toml [dependencies] = chrono,rand,serde,serde_json,serde_yaml,sha2,tokio (no anvil-engine, no prost) AND `rg 'anvil_engine::|prost' anvil-core/src` = 0 hits -> core-domain BY CONSTRUCTION	rename	PlaybookRunFidelityResult
anvil-core/src/domain/workflow_fidelity.rs:326:6	F2-fidelity	WorkflowFidelityResult	core-domain	anvil-core/Cargo.toml [dependencies] = chrono,rand,serde,serde_json,serde_yaml,sha2,tokio (no anvil-engine, no prost) AND `rg 'anvil_engine::|prost' anvil-core/src` = 0 hits -> core-domain BY CONSTRUCTION	rename	PlaybookRunFidelityResult
anvil-core/src/hearth/fs_activity_log_adapter.rs:5:6	F3-kind	workflow_kind	prose	comment/doc prose whose referent still legitimately carries the legacy name; renaming it would make the doc describe something that does not exist	defer	prose naming the persisted JSONL key / wire JSON key, which B-i.2b deliberately did NOT move — C-d.2 (persisted) / B-w.1 (wire)
anvil-core/src/hearth/fs_activity_log_adapter.rs:89:56	F3-kind	workflow_kind	masked-literal	string literal — the persisted JSONL key (C-d.2) or the wire JSON key (B-w.1). NOT renamed by B-i.2b.	defer	C-d.2 / B-w.1
anvil-core/src/hearth/fs_activity_log_adapter.rs:92:33	F3-kind	workflow_kind	core-domain	anvil-core/Cargo.toml [dependencies] = chrono,rand,serde,serde_json,serde_yaml,sha2,tokio (no anvil-engine, no prost) AND `rg 'anvil_engine::|prost' anvil-core/src` = 0 hits -> core-domain BY CONSTRUCTION	rename	artifact_kind
anvil-core/src/hearth/fs_activity_log_adapter.rs:157:17	F3-kind	workflow_kind	core-domain	anvil-core/Cargo.toml [dependencies] = chrono,rand,serde,serde_json,serde_yaml,sha2,tokio (no anvil-engine, no prost) AND `rg 'anvil_engine::|prost' anvil-core/src` = 0 hits -> core-domain BY CONSTRUCTION	rename	artifact_kind
anvil-core/src/hearth/fs_activity_log_adapter.rs:157:54	F3-kind	workflow_kind	masked-literal	string literal — the persisted JSONL key (C-d.2) or the wire JSON key (B-w.1). NOT renamed by B-i.2b.	defer	C-d.2 / B-w.1
anvil-core/src/hearth/fs_activity_log_adapter.rs:181:17	F3-kind	workflow_kind	core-domain	anvil-core/Cargo.toml [dependencies] = chrono,rand,serde,serde_json,serde_yaml,sha2,tokio (no anvil-engine, no prost) AND `rg 'anvil_engine::|prost' anvil-core/src` = 0 hits -> core-domain BY CONSTRUCTION	rename	artifact_kind
anvil-core/src/hearth/fs_review_verdict_adapter.rs:89:34	F3-kind	workflow_kind	masked-literal	string literal — the persisted JSONL key (C-d.2) or the wire JSON key (B-w.1). NOT renamed by B-i.2b.	defer	C-d.2 / B-w.1
anvil-core/src/hearth/fs_review_verdict_adapter.rs:91:33	F3-kind	workflow_kind	core-domain	anvil-core/Cargo.toml [dependencies] = chrono,rand,serde,serde_json,serde_yaml,sha2,tokio (no anvil-engine, no prost) AND `rg 'anvil_engine::|prost' anvil-core/src` = 0 hits -> core-domain BY CONSTRUCTION	rename	artifact_kind
anvil-core/src/hearth/fs_review_verdict_adapter.rs:193:17	F3-kind	workflow_kind	core-domain	anvil-core/Cargo.toml [dependencies] = chrono,rand,serde,serde_json,serde_yaml,sha2,tokio (no anvil-engine, no prost) AND `rg 'anvil_engine::|prost' anvil-core/src` = 0 hits -> core-domain BY CONSTRUCTION	rename	artifact_kind
anvil-core/src/hearth/fs_review_verdict_adapter.rs:193:53	F3-kind	workflow_kind	masked-literal	string literal — the persisted JSONL key (C-d.2) or the wire JSON key (B-w.1). NOT renamed by B-i.2b.	defer	C-d.2 / B-w.1
anvil-core/src/hearth/fs_snapshot_adapter.rs:56:13	F4-generation	workflow_generation	prose	comment/doc prose whose referent still legitimately carries the legacy name; renaming it would make the doc describe something that does not exist	defer	prose naming the persisted status.yaml kind VALUE, which keeps its live read alias — C-d.2
anvil-core/src/hearth/fs_snapshot_adapter.rs:142:52	F4-generation	workflow_generation	prose	comment/doc prose whose referent still legitimately carries the legacy name; renaming it would make the doc describe something that does not exist	defer	PROVENANCE: names the pre-rename identifier on purpose; migrating it would make the sentence false — NO OWNER, it stays
anvil-core/src/hearth/fs_snapshot_adapter.rs:146:7	F4-generation	workflow_generation	masked-literal	string literal — the persisted JSONL key (C-d.2) or the wire JSON key (B-w.1). NOT renamed by B-i.2b.	defer	C-d.2 / B-w.1
anvil-core/src/hearth/fs_step_measurement_adapter.rs:291:159	F3-kind	workflow_kind	masked-literal	string literal — the persisted JSONL key (C-d.2) or the wire JSON key (B-w.1). NOT renamed by B-i.2b.	defer	C-d.2 / B-w.1
anvil-core/src/hearth/fs_step_measurement_adapter.rs:299:33	F3-kind	workflow_kind	core-domain	anvil-core/Cargo.toml [dependencies] = chrono,rand,serde,serde_json,serde_yaml,sha2,tokio (no anvil-engine, no prost) AND `rg 'anvil_engine::|prost' anvil-core/src` = 0 hits -> core-domain BY CONSTRUCTION	rename	artifact_kind
anvil-core/src/hearth/fs_step_measurement_adapter.rs:396:60	F3-kind	workflow_kind	prose	comment/doc prose whose referent still legitimately carries the legacy name; renaming it would make the doc describe something that does not exist	defer	PROVENANCE: names the pre-rename identifier on purpose; migrating it would make the sentence false — NO OWNER, it stays
anvil-core/src/hearth/fs_step_measurement_adapter.rs:399:17	F3-kind	workflow_kind	core-domain	anvil-core/Cargo.toml [dependencies] = chrono,rand,serde,serde_json,serde_yaml,sha2,tokio (no anvil-engine, no prost) AND `rg 'anvil_engine::|prost' anvil-core/src` = 0 hits -> core-domain BY CONSTRUCTION	rename	artifact_kind
anvil-core/src/hearth/fs_step_measurement_adapter.rs:399:54	F3-kind	workflow_kind	masked-literal	string literal — the persisted JSONL key (C-d.2) or the wire JSON key (B-w.1). NOT renamed by B-i.2b.	defer	C-d.2 / B-w.1
anvil-core/src/hearth/fs_step_measurement_adapter.rs:413:17	F3-kind	workflow_kind	core-domain	anvil-core/Cargo.toml [dependencies] = chrono,rand,serde,serde_json,serde_yaml,sha2,tokio (no anvil-engine, no prost) AND `rg 'anvil_engine::|prost' anvil-core/src` = 0 hits -> core-domain BY CONSTRUCTION	rename	artifact_kind
anvil-core/src/hearth/fs_step_measurement_stream_adapter.rs:4:47	F3-kind	workflow_kind	prose	comment/doc prose whose referent still legitimately carries the legacy name; renaming it would make the doc describe something that does not exist	defer	prose naming the persisted JSONL key / wire JSON key, which B-i.2b deliberately did NOT move — C-d.2 (persisted) / B-w.1 (wire)
anvil-core/src/hearth/fs_step_measurement_stream_adapter.rs:5:59	F3-kind	workflow_kind	prose	comment/doc prose whose referent still legitimately carries the legacy name; renaming it would make the doc describe something that does not exist	defer	prose naming the persisted JSONL key / wire JSON key, which B-i.2b deliberately did NOT move — C-d.2 (persisted) / B-w.1 (wire)
anvil-core/src/hearth/fs_transition_measurement_adapter.rs:89:34	F3-kind	workflow_kind	masked-literal	string literal — the persisted JSONL key (C-d.2) or the wire JSON key (B-w.1). NOT renamed by B-i.2b.	defer	C-d.2 / B-w.1
anvil-core/src/hearth/fs_transition_measurement_adapter.rs:91:33	F3-kind	workflow_kind	core-domain	anvil-core/Cargo.toml [dependencies] = chrono,rand,serde,serde_json,serde_yaml,sha2,tokio (no anvil-engine, no prost) AND `rg 'anvil_engine::|prost' anvil-core/src` = 0 hits -> core-domain BY CONSTRUCTION	rename	artifact_kind
anvil-core/src/hearth/fs_transition_measurement_adapter.rs:163:17	F3-kind	workflow_kind	core-domain	anvil-core/Cargo.toml [dependencies] = chrono,rand,serde,serde_json,serde_yaml,sha2,tokio (no anvil-engine, no prost) AND `rg 'anvil_engine::|prost' anvil-core/src` = 0 hits -> core-domain BY CONSTRUCTION	rename	artifact_kind
anvil-core/src/hearth/fs_transition_measurement_adapter.rs:163:53	F3-kind	workflow_kind	masked-literal	string literal — the persisted JSONL key (C-d.2) or the wire JSON key (B-w.1). NOT renamed by B-i.2b.	defer	C-d.2 / B-w.1
anvil-core/src/hearth/fs_workflow_measurement_adapter.rs:89:34	F3-kind	workflow_kind	masked-literal	string literal — the persisted JSONL key (C-d.2) or the wire JSON key (B-w.1). NOT renamed by B-i.2b.	defer	C-d.2 / B-w.1
anvil-core/src/hearth/fs_workflow_measurement_adapter.rs:91:33	F3-kind	workflow_kind	core-domain	anvil-core/Cargo.toml [dependencies] = chrono,rand,serde,serde_json,serde_yaml,sha2,tokio (no anvil-engine, no prost) AND `rg 'anvil_engine::|prost' anvil-core/src` = 0 hits -> core-domain BY CONSTRUCTION	rename	artifact_kind
anvil-core/src/hearth/fs_workflow_measurement_adapter.rs:194:17	F3-kind	workflow_kind	core-domain	anvil-core/Cargo.toml [dependencies] = chrono,rand,serde,serde_json,serde_yaml,sha2,tokio (no anvil-engine, no prost) AND `rg 'anvil_engine::|prost' anvil-core/src` = 0 hits -> core-domain BY CONSTRUCTION	rename	artifact_kind
anvil-core/src/hearth/fs_workflow_measurement_adapter.rs:194:53	F3-kind	workflow_kind	masked-literal	string literal — the persisted JSONL key (C-d.2) or the wire JSON key (B-w.1). NOT renamed by B-i.2b.	defer	C-d.2 / B-w.1
anvil-core/src/ports/activity_log_port.rs:15:15	F3-kind	workflow_kind	prose	comment/doc prose whose referent still legitimately carries the legacy name; renaming it would make the doc describe something that does not exist	defer	prose naming the persisted JSONL key / wire JSON key, which B-i.2b deliberately did NOT move — C-d.2 (persisted) / B-w.1 (wire)
anvil-core/src/ports/activity_log_port.rs:43:9	F3-kind	workflow_kind	core-domain	anvil-core/Cargo.toml [dependencies] = chrono,rand,serde,serde_json,serde_yaml,sha2,tokio (no anvil-engine, no prost) AND `rg 'anvil_engine::|prost' anvil-core/src` = 0 hits -> core-domain BY CONSTRUCTION	rename	artifact_kind
anvil-core/src/ports/review_verdict_port.rs:43:9	F3-kind	workflow_kind	core-domain	anvil-core/Cargo.toml [dependencies] = chrono,rand,serde,serde_json,serde_yaml,sha2,tokio (no anvil-engine, no prost) AND `rg 'anvil_engine::|prost' anvil-core/src` = 0 hits -> core-domain BY CONSTRUCTION	rename	artifact_kind
anvil-core/src/ports/routing_activity_port.rs:4:62	F1-activity	WorkflowActivity	prose	comment/doc prose whose referent still legitimately carries the legacy name; renaming it would make the doc describe something that does not exist	defer	prose naming the gRPC RPC (proto/anvil.proto:18,24) — B-w.1 / NG-PROTO-VNEXT
anvil-core/src/ports/routing_activity_port.rs:19:31	F1-activity	WorkflowActivity	prose	comment/doc prose whose referent still legitimately carries the legacy name; renaming it would make the doc describe something that does not exist	defer	prose naming the gRPC RPC (proto/anvil.proto:18,24) — B-w.1 / NG-PROTO-VNEXT
anvil-core/src/ports/snapshot_port.rs:117:16	F4-generation	workflow_generation	prose	comment/doc prose whose referent still legitimately carries the legacy name; renaming it would make the doc describe something that does not exist	defer	prose naming the persisted status.yaml kind VALUE, which keeps its live read alias — C-d.2
anvil-core/src/ports/step_measurement_port.rs:62:10	F3-kind	workflow_kind	prose	comment/doc prose whose referent still legitimately carries the legacy name; renaming it would make the doc describe something that does not exist	defer	prose naming the persisted JSONL key / wire JSON key, which B-i.2b deliberately did NOT move — C-d.2 (persisted) / B-w.1 (wire)
anvil-core/src/ports/step_measurement_port.rs:80:9	F3-kind	workflow_kind	core-domain	anvil-core/Cargo.toml [dependencies] = chrono,rand,serde,serde_json,serde_yaml,sha2,tokio (no anvil-engine, no prost) AND `rg 'anvil_engine::|prost' anvil-core/src` = 0 hits -> core-domain BY CONSTRUCTION	rename	artifact_kind
anvil-core/src/ports/step_measurement_stream_port.rs:7:47	F3-kind	workflow_kind	prose	comment/doc prose whose referent still legitimately carries the legacy name; renaming it would make the doc describe something that does not exist	defer	prose naming the persisted JSONL key / wire JSON key, which B-i.2b deliberately did NOT move — C-d.2 (persisted) / B-w.1 (wire)
anvil-core/src/ports/step_measurement_stream_port.rs:9:6	F3-kind	workflow_kind	prose	comment/doc prose whose referent still legitimately carries the legacy name; renaming it would make the doc describe something that does not exist	defer	prose naming the persisted JSONL key / wire JSON key, which B-i.2b deliberately did NOT move — C-d.2 (persisted) / B-w.1 (wire)
anvil-core/src/ports/step_measurement_stream_port.rs:14:58	F3-kind	workflow_kind	prose	comment/doc prose whose referent still legitimately carries the legacy name; renaming it would make the doc describe something that does not exist	defer	prose naming the persisted JSONL key / wire JSON key, which B-i.2b deliberately did NOT move — C-d.2 (persisted) / B-w.1 (wire)
anvil-core/src/ports/transition_measurement_port.rs:15:9	F3-kind	workflow_kind	core-domain	anvil-core/Cargo.toml [dependencies] = chrono,rand,serde,serde_json,serde_yaml,sha2,tokio (no anvil-engine, no prost) AND `rg 'anvil_engine::|prost' anvil-core/src` = 0 hits -> core-domain BY CONSTRUCTION	rename	artifact_kind
anvil-core/src/ports/workflow_measurement_port.rs:52:9	F3-kind	workflow_kind	core-domain	anvil-core/Cargo.toml [dependencies] = chrono,rand,serde,serde_json,serde_yaml,sha2,tokio (no anvil-engine, no prost) AND `rg 'anvil_engine::|prost' anvil-core/src` = 0 hits -> core-domain BY CONSTRUCTION	rename	artifact_kind
anvil-engine/src/main.rs:54:44	F1-activity	WorkflowActivityQuery	core-domain	declared ONLY by anvil-core at anvil-core/src/domain/workflow_activity.rs:83; no proto message of this name	rename	ArtifactActivityQuery
anvil-engine/src/main.rs:107:72	F1-activity	WorkflowActivityRequest	generated-wire	declared ONLY by prost at proto/anvil.proto:742; no anvil-core type of this name	defer	B-w.1 / NG-PROTO-VNEXT
anvil-engine/src/main.rs:108:5	F1-activity	WorkflowActivityResponse	generated-wire	declared ONLY by prost at proto/anvil.proto:753; no anvil-core type of this name	defer	B-w.1 / NG-PROTO-VNEXT
anvil-engine/src/main.rs:108:31	F2-fidelity	WorkflowFidelityRequest	generated-wire	declared ONLY by prost at proto/anvil.proto:1032; no anvil-core type of this name	defer	B-w.1 / NG-PROTO-VNEXT
anvil-engine/src/main.rs:108:56	F2-fidelity	WorkflowFidelityResponse	generated-wire	declared ONLY by prost at proto/anvil.proto:1039; no anvil-core type of this name	defer	B-w.1 / NG-PROTO-VNEXT
anvil-engine/src/main.rs:1013:25	F3-kind	workflow_kind	prose	comment/doc prose whose referent still legitimately carries the legacy name; renaming it would make the doc describe something that does not exist	defer	prose naming the persisted JSONL key / wire JSON key, which B-i.2b deliberately did NOT move — C-d.2 (persisted) / B-w.1 (wire)
anvil-engine/src/main.rs:1025:9	F3-kind	workflow_kind	core-domain	fn emit_activity param; feeds anvil_core ActivityLogRecord	rename	artifact_kind
anvil-engine/src/main.rs:1042:13	F3-kind	workflow_kind	core-domain	anvil_core::ports::activity_log_port::ActivityLogRecord field (:43)	rename	artifact_kind
anvil-engine/src/main.rs:1042:28	F3-kind	workflow_kind	core-domain	local param read	rename	artifact_kind
anvil-engine/src/main.rs:1068:9	F3-kind	workflow_kind	core-domain	fn emit_lean_step_measurement param	rename	artifact_kind
anvil-engine/src/main.rs:1092:13	F3-kind	workflow_kind	core-domain	anvil_core::ports::step_measurement_port::StepMeasurementRecord field (:80)	rename	artifact_kind
anvil-engine/src/main.rs:1092:28	F3-kind	workflow_kind	core-domain	local param read	rename	artifact_kind
anvil-engine/src/main.rs:1114:9	F3-kind	workflow_kind	core-domain	fn emit_transition_measurement param	rename	artifact_kind
anvil-engine/src/main.rs:1123:44	F3-kind	workflow_kind	core-domain	local param read	rename	artifact_kind
anvil-engine/src/main.rs:1139:13	F3-kind	workflow_kind	core-domain	anvil_core::ports::transition_measurement_port::TransitionMeasurementRecord field (:15)	rename	artifact_kind
anvil-engine/src/main.rs:1139:28	F3-kind	workflow_kind	core-domain	local param read	rename	artifact_kind
anvil-engine/src/main.rs:1172:9	F3-kind	workflow_kind	core-domain	fn emit_workflow_measurement param	rename	artifact_kind
anvil-engine/src/main.rs:1178:44	F3-kind	workflow_kind	core-domain	local param read	rename	artifact_kind
anvil-engine/src/main.rs:1213:13	F3-kind	workflow_kind	core-domain	anvil_core::ports::workflow_measurement_port::WorkflowMeasurementRecord field (:52)	rename	artifact_kind
anvil-engine/src/main.rs:1213:28	F3-kind	workflow_kind	core-domain	local param read	rename	artifact_kind
anvil-engine/src/main.rs:1262:9	F3-kind	workflow_kind	core-domain	fn emit_review_verdict param	rename	artifact_kind
anvil-engine/src/main.rs:1269:50	F3-kind	workflow_kind	core-domain	local param read	rename	artifact_kind
anvil-engine/src/main.rs:1300:13	F3-kind	workflow_kind	core-domain	anvil_core::ports::review_verdict_port::ReviewVerdictRecord field (:43)	rename	artifact_kind
anvil-engine/src/main.rs:1300:28	F3-kind	workflow_kind	core-domain	local param read	rename	artifact_kind
anvil-engine/src/main.rs:1500:12	F3-kind	workflow_kind	prose	comment/doc prose whose referent still legitimately carries the legacy name; renaming it would make the doc describe something that does not exist	defer	prose naming the persisted JSONL key / wire JSON key, which B-i.2b deliberately did NOT move — C-d.2 (persisted) / B-w.1 (wire)
anvil-engine/src/main.rs:1692:12	F3-kind	workflow_kind	prose	comment/doc prose whose referent still legitimately carries the legacy name; renaming it would make the doc describe something that does not exist	defer	prose naming the persisted JSONL key / wire JSON key, which B-i.2b deliberately did NOT move — C-d.2 (persisted) / B-w.1 (wire)
anvil-engine/src/main.rs:2191:12	F1-activity	WorkflowActivity	prose	comment/doc prose whose referent still legitimately carries the legacy name; renaming it would make the doc describe something that does not exist	defer	prose naming the gRPC RPC (proto/anvil.proto:18,24) — B-w.1 / NG-PROTO-VNEXT
anvil-engine/src/main.rs:2221:16	F3-kind	workflow_kind	prose	comment/doc prose whose referent still legitimately carries the legacy name; renaming it would make the doc describe something that does not exist	defer	prose naming the persisted JSONL key / wire JSON key, which B-i.2b deliberately did NOT move — C-d.2 (persisted) / B-w.1 (wire)
anvil-engine/src/main.rs:4164:54	F3-kind	workflow_kind	prose	comment/doc prose whose referent still legitimately carries the legacy name; renaming it would make the doc describe something that does not exist	defer	prose naming the persisted JSONL key / wire JSON key, which B-i.2b deliberately did NOT move — C-d.2 (persisted) / B-w.1 (wire)
anvil-engine/src/main.rs:4578:54	F3-kind	workflow_kind	prose	comment/doc prose whose referent still legitimately carries the legacy name; renaming it would make the doc describe something that does not exist	defer	prose naming the persisted JSONL key / wire JSON key, which B-i.2b deliberately did NOT move — C-d.2 (persisted) / B-w.1 (wire)
anvil-engine/src/main.rs:4692:26	F1-activity	WorkflowActivityRequest	generated-wire	declared ONLY by prost at proto/anvil.proto:742; no anvil-core type of this name	defer	B-w.1 / NG-PROTO-VNEXT
anvil-engine/src/main.rs:4693:26	F1-activity	WorkflowActivityResponse	generated-wire	declared ONLY by prost at proto/anvil.proto:753; no anvil-core type of this name	defer	B-w.1 / NG-PROTO-VNEXT
anvil-engine/src/main.rs:4862:26	F2-fidelity	WorkflowFidelityRequest	generated-wire	declared ONLY by prost at proto/anvil.proto:1032; no anvil-core type of this name	defer	B-w.1 / NG-PROTO-VNEXT
anvil-engine/src/main.rs:4863:26	F2-fidelity	WorkflowFidelityResponse	generated-wire	declared ONLY by prost at proto/anvil.proto:1039; no anvil-core type of this name	defer	B-w.1 / NG-PROTO-VNEXT
anvil-engine/src/main.rs:5009:29	F1-activity	WorkflowActivityResult	prose	doc comment naming a type B-i.2b renames; leaving it stale breaks the rustdoc intra-doc link (cargo doc reports it, cargo build does not)	rename	ArtifactActivityResult
anvil-engine/src/main.rs:5015:52	F1-activity	WorkflowActivityResult	core-domain	declared ONLY by anvil-core at anvil-core/src/domain/workflow_activity.rs:52; no proto message of this name	rename	ArtifactActivityResult
anvil-engine/src/main.rs:5022:8	F3-kind	workflow_kind	prose	comment/doc prose whose referent still legitimately carries the legacy name; renaming it would make the doc describe something that does not exist	defer	prose naming the persisted JSONL key / wire JSON key, which B-i.2b deliberately did NOT move — C-d.2 (persisted) / B-w.1 (wire)
anvil-engine/src/main.rs:5030:8	F1-activity	WorkflowActivityQuery	core-domain	declared ONLY by anvil-core at anvil-core/src/domain/workflow_activity.rs:83; no proto message of this name	rename	ArtifactActivityQuery
anvil-engine/src/main.rs:5037:31	F1-activity	WorkflowActivityResult	prose	doc comment naming a type B-i.2b renames; leaving it stale breaks the rustdoc intra-doc link (cargo doc reports it, cargo build does not)	rename	ArtifactActivityResult
anvil-engine/src/main.rs:5044:57	F1-activity	WorkflowActivityResult	core-domain	declared ONLY by anvil-core at anvil-core/src/domain/workflow_activity.rs:52; no proto message of this name	rename	ArtifactActivityResult
anvil-engine/src/main.rs:5045:45	F1-activity	WorkflowActivityResult	core-domain	declared ONLY by anvil-core at anvil-core/src/domain/workflow_activity.rs:52; no proto message of this name	rename	ArtifactActivityResult
anvil-engine/src/main.rs:5046:61	F1-activity	WorkflowActivityEntry	core-domain	`use anvil_core::domain::workflow_activity::{OwnerGroup, WorkflowActivityEntry}` at this line	rename	ArtifactActivityEntry
anvil-engine/src/main.rs:5050:39	F1-activity	WorkflowActivityEntry	core-domain	resolves to the :5046 core import	rename	ArtifactActivityEntry
anvil-engine/src/main.rs:5062:44	F1-activity	WorkflowActivityEntry	core-domain	resolves to the :5046 core import	rename	ArtifactActivityEntry
anvil-engine/src/main.rs:5075:44	F1-activity	WorkflowActivityResult	core-domain	declared ONLY by anvil-core at anvil-core/src/domain/workflow_activity.rs:52; no proto message of this name	rename	ArtifactActivityResult
anvil-engine/src/main.rs:5084:13	F1-activity	WorkflowActivityResponse	generated-wire	declared ONLY by prost at proto/anvil.proto:753; no anvil-core type of this name	defer	B-w.1 / NG-PROTO-VNEXT
anvil-engine/src/main.rs:5136:51	F1-activity	WorkflowActivityEntry	generated-wire	written `anvil_engine::proto::WorkflowActivityEntry` — prost, proto/anvil.proto:772	defer	B-w.1 / NG-PROTO-VNEXT
anvil-engine/src/main.rs:5146:8	F1-activity	WorkflowActivityResponse	generated-wire	declared ONLY by prost at proto/anvil.proto:753; no anvil-core type of this name	defer	B-w.1 / NG-PROTO-VNEXT
anvil-engine/src/main.rs:5283:13	F3-kind	workflow_kind	generated-wire	field of the `anvil_engine::proto::ResolvedHook` literal opened at :5282 — proto/anvil.proto:892	defer	B-w.1 / NG-PROTO-VNEXT
anvil-engine/src/main.rs:5283:30	F3-kind	workflow_kind	core-domain	`h` iterates `fold_hook_manifest` output = anvil_core::domain::hook_manifest::ResolvedHook (:30)	rename	artifact_kind
anvil-engine/src/main.rs:5826:57	F2-fidelity	WorkflowFidelity	prose	comment/doc prose whose referent still legitimately carries the legacy name; renaming it would make the doc describe something that does not exist	defer	prose naming the gRPC RPC (proto/anvil.proto:18,24) — B-w.1 / NG-PROTO-VNEXT
anvil-engine/src/main.rs:5839:13	F2-fidelity	WorkflowFidelityResponse	generated-wire	declared ONLY by prost at proto/anvil.proto:1039; no anvil-core type of this name	defer	B-w.1 / NG-PROTO-VNEXT
anvil-engine/src/main.rs:5915:39	F2-fidelity	WorkflowInstanceFidelity	generated-wire	written `anvil_engine::proto::WorkflowInstanceFidelity` — prost, proto/anvil.proto:1078	defer	B-w.1 / NG-PROTO-VNEXT
anvil-engine/src/main.rs:5927:8	F2-fidelity	WorkflowFidelityResponse	generated-wire	declared ONLY by prost at proto/anvil.proto:1039; no anvil-core type of this name	defer	B-w.1 / NG-PROTO-VNEXT
anvil-engine/src/main.rs:6137:13	F3-kind	workflow_kinds	generated-wire	field of the `anvil_engine::proto::ActorActivityEntry` literal opened at :6133 — proto/anvil.proto:941	defer	B-w.1 / NG-PROTO-VNEXT
anvil-engine/src/main.rs:6137:35	F3-kind	workflow_kinds	core-domain	`entry` iterates `fold_actor_activity` output = anvil_core::domain::actor_activity::ActorActivityEntry (:38)	rename	artifact_kinds
anvil-engine/src/main.rs:7386:68	F4-generation	workflow_generation	prose	comment/doc prose whose referent still legitimately carries the legacy name; renaming it would make the doc describe something that does not exist	defer	PROVENANCE: names the pre-rename identifier on purpose; migrating it would make the sentence false — NO OWNER, it stays
anvil-engine/src/main.rs:7388:49	F4-generation	workflow_generation	masked-literal	string literal — the persisted JSONL key (C-d.2) or the wire JSON key (B-w.1). NOT renamed by B-i.2b.	defer	C-d.2 / B-w.1
anvil-engine/src/main.rs:7401:18	F4-generation	workflow_generation	masked-literal	string literal — the persisted JSONL key (C-d.2) or the wire JSON key (B-w.1). NOT renamed by B-i.2b.	defer	C-d.2 / B-w.1
anvil-engine/src/main.rs:7450:8	F4-generation	workflow_generation	prose	comment/doc prose whose referent still legitimately carries the legacy name; renaming it would make the doc describe something that does not exist	defer	prose naming the persisted status.yaml kind VALUE, which keeps its live read alias — C-d.2
anvil-engine/src/main.rs:7558:10	F4-generation	workflow_generation	masked-literal	string literal — the persisted JSONL key (C-d.2) or the wire JSON key (B-w.1). NOT renamed by B-i.2b.	defer	C-d.2 / B-w.1
anvil-engine/src/ws_bridge.rs:319:16	F2-fidelity	WorkflowFidelity	prose	comment/doc prose whose referent still legitimately carries the legacy name; renaming it would make the doc describe something that does not exist	defer	prose naming the gRPC RPC (proto/anvil.proto:18,24) — B-w.1 / NG-PROTO-VNEXT
anvil-engine/src/ws_bridge.rs:499:26	F1-activity	WorkflowActivityResponse	prose	comment/doc prose whose referent still legitimately carries the legacy name; renaming it would make the doc describe something that does not exist	defer	prose naming a ledgered prost message — B-w.1 / NG-PROTO-VNEXT
anvil-engine/src/ws_bridge.rs:500:17	F1-activity	WorkflowActivityResponse	prose	comment/doc prose whose referent still legitimately carries the legacy name; renaming it would make the doc describe something that does not exist	defer	prose naming a ledgered prost message — B-w.1 / NG-PROTO-VNEXT
anvil-engine/src/ws_bridge.rs:504:62	F1-activity	WorkflowActivityResponse	generated-wire	declared ONLY by prost at proto/anvil.proto:753; no anvil-core type of this name	defer	B-w.1 / NG-PROTO-VNEXT
anvil-engine/src/ws_bridge.rs:546:18	F3-kind	workflow_kinds	masked-literal	string literal — the persisted JSONL key (C-d.2) or the wire JSON key (B-w.1). NOT renamed by B-i.2b.	defer	C-d.2 / B-w.1
anvil-engine/src/ws_bridge.rs:546:41	F3-kind	workflow_kinds	generated-wire	`entry` iterates `anvil_engine::proto::ActorActivityResponse.actors` (:537) — proto/anvil.proto:941	defer	B-w.1 / NG-PROTO-VNEXT
anvil-engine/src/ws_bridge.rs:633:18	F3-kind	workflow_kind	masked-literal	string literal — the persisted JSONL key (C-d.2) or the wire JSON key (B-w.1). NOT renamed by B-i.2b.	defer	C-d.2 / B-w.1
anvil-engine/src/ws_bridge.rs:633:39	F3-kind	workflow_kind	generated-wire	`hook` iterates `anvil_engine::proto::HookManifestResponse.hooks` (:627) — proto/anvil.proto:892	defer	B-w.1 / NG-PROTO-VNEXT
anvil-engine/src/ws_bridge.rs:878:26	F2-fidelity	WorkflowFidelityResponse	prose	comment/doc prose whose referent still legitimately carries the legacy name; renaming it would make the doc describe something that does not exist	defer	prose naming a ledgered prost message — B-w.1 / NG-PROTO-VNEXT
anvil-engine/src/ws_bridge.rs:882:66	F2-fidelity	WorkflowFidelity	prose	comment/doc prose whose referent still legitimately carries the legacy name; renaming it would make the doc describe something that does not exist	defer	prose naming the gRPC RPC (proto/anvil.proto:18,24) — B-w.1 / NG-PROTO-VNEXT
anvil-engine/src/ws_bridge.rs:885:62	F2-fidelity	WorkflowFidelityResponse	generated-wire	declared ONLY by prost at proto/anvil.proto:1039; no anvil-core type of this name	defer	B-w.1 / NG-PROTO-VNEXT
anvil-mcp/src/main.rs:578:221	F4-generation	workflow_generation	masked-literal	string literal — the persisted JSONL key (C-d.2) or the wire JSON key (B-w.1). NOT renamed by B-i.2b.	defer	C-d.2 / B-w.1
anvil-mcp/src/main.rs:1856:41	F4-generation	workflow_generation	prose	comment/doc prose whose referent still legitimately carries the legacy name; renaming it would make the doc describe something that does not exist	defer	prose naming the persisted status.yaml kind VALUE, which keeps its live read alias — C-d.2
anvil-test-support/src/activity_log_rpc.rs:128:24	F2-fidelity	WorkflowFidelityResponse	prose	comment/doc prose whose referent still legitimately carries the legacy name; renaming it would make the doc describe something that does not exist	defer	prose naming a ledgered prost message — B-w.1 / NG-PROTO-VNEXT
anvil-test-support/src/activity_log_rpc.rs:131:49	F2-fidelity	WorkflowFidelityResponse	generated-wire	declared ONLY by prost at proto/anvil.proto:1039; no anvil-core type of this name	defer	B-w.1 / NG-PROTO-VNEXT
anvil-test-support/src/activity_log_rpc.rs:311:83	F3-kind	workflow_kind	masked-literal	string literal — the persisted JSONL key (C-d.2) or the wire JSON key (B-w.1). NOT renamed by B-i.2b.	defer	C-d.2 / B-w.1
anvil-test-support/src/activity_log_rpc.rs:316:20	F3-kind	workflow_kind	prose	comment/doc prose whose referent still legitimately carries the legacy name; renaming it would make the doc describe something that does not exist	defer	prose naming the persisted JSONL key / wire JSON key, which B-i.2b deliberately did NOT move — C-d.2 (persisted) / B-w.1 (wire)
anvil-test-support/src/activity_log_rpc.rs:318:21	F3-kind	workflow_kind	core-domain	local binding; compared to anvil_core ActivityLogRecord.workflow_kind	rename	artifact_kind
anvil-test-support/src/activity_log_rpc.rs:324:30	F3-kind	workflow_kind	core-domain	`r` iterates read_sink() -> Vec<ActivityLogRecord> (anvil-core)	rename	artifact_kind
anvil-test-support/src/activity_log_rpc.rs:324:47	F3-kind	workflow_kind	core-domain	local binding read	rename	artifact_kind
anvil-test-support/src/activity_log_rpc.rs:330:74	F3-kind	workflow_kind	masked-literal	string literal — the persisted JSONL key (C-d.2) or the wire JSON key (B-w.1). NOT renamed by B-i.2b.	defer	C-d.2 / B-w.1
anvil-test-support/src/activity_log_rpc.rs:331:43	F3-kind	workflow_kind	core-domain	local binding read	rename	artifact_kind
anvil-test-support/src/activity_log_rpc.rs:392:71	F3-kind	workflow_kind	masked-literal	string literal — the persisted JSONL key (C-d.2) or the wire JSON key (B-w.1). NOT renamed by B-i.2b.	defer	C-d.2 / B-w.1
anvil-test-support/src/activity_log_rpc.rs:417:29	F3-kind	workflow_kind	core-domain	anvil_core ActivityLogRecord literal opened at :414	rename	artifact_kind
anvil-test-support/src/activity_log_rpc.rs:698:24	F2-fidelity	WorkflowFidelity	prose	comment/doc prose whose referent still legitimately carries the legacy name; renaming it would make the doc describe something that does not exist	defer	prose naming the gRPC RPC (proto/anvil.proto:18,24) — B-w.1 / NG-PROTO-VNEXT
anvil-test-support/src/activity_log_rpc.rs:700:18	F2-fidelity	WorkflowFidelity	harness-step-pattern	brine step pattern naming the WIRE RPC (proto/anvil.proto:18,24); its matching `.feature` text is B-i.3's and the RPC name is B-w.1's	defer	B-w.1 / NG-PROTO-VNEXT
anvil-test-support/src/activity_log_rpc.rs:717:72	F2-fidelity	WorkflowFidelityRequest	generated-wire	declared ONLY by prost at proto/anvil.proto:1032; no anvil-core type of this name	defer	B-w.1 / NG-PROTO-VNEXT
anvil-test-support/src/activity_log_rpc.rs:725:34	F2-fidelity	WorkflowFidelity	harness-step-pattern	brine step pattern naming the WIRE RPC (proto/anvil.proto:18,24); its matching `.feature` text is B-i.3's and the RPC name is B-w.1's	defer	B-w.1 / NG-PROTO-VNEXT
anvil-test-support/src/activity_log_sink.rs:32:90	F3-kind	workflow_kind	masked-literal	string literal — the persisted JSONL key (C-d.2) or the wire JSON key (B-w.1). NOT renamed by B-i.2b.	defer	C-d.2 / B-w.1
anvil-test-support/src/activity_log_sink.rs:46:21	F3-kind	workflow_kind	core-domain	anvil_core ActivityLogRecord literal opened at :43	rename	artifact_kind
anvil-test-support/src/activity_log_sink.rs:48:42	F3-kind	workflow_kind	masked-literal	string literal — the persisted JSONL key (C-d.2) or the wire JSON key (B-w.1). NOT renamed by B-i.2b.	defer	C-d.2 / B-w.1
anvil-test-support/src/activity_summary.rs:48:44	F3-kind	workflow_kind	masked-literal	string literal — the persisted JSONL key (C-d.2) or the wire JSON key (B-w.1). NOT renamed by B-i.2b.	defer	C-d.2 / B-w.1
anvil-test-support/src/activity_summary.rs:61:13	F3-kind	workflow_kind	core-domain	anvil_core ActivityLogRecord literal opened at :58	rename	artifact_kind
anvil-test-support/src/actor_activity.rs:209:26	F3-kind	workflow_kinds	core-domain	`entry` from anvil_core ActorActivityResult.entries	rename	artifact_kinds
anvil-test-support/src/actor_activity.rs:214:48	F3-kind	workflow_kinds	core-domain	same binding as :209	rename	artifact_kinds
anvil-test-support/src/actor_activity_rpc.rs:118:18	F3-kind	workflow_kinds	masked-literal	string literal — the persisted JSONL key (C-d.2) or the wire JSON key (B-w.1). NOT renamed by B-i.2b.	defer	C-d.2 / B-w.1
anvil-test-support/src/actor_activity_rpc.rs:118:37	F3-kind	workflow_kinds	generated-wire	`a` iterates `anvil_engine::proto::ActorActivityResponse.actors` (:109) — proto/anvil.proto:941	defer	B-w.1 / NG-PROTO-VNEXT
anvil-test-support/src/actor_activity_rpc.rs:192:15	F3-kind	workflow_kinds	masked-literal	string literal — the persisted JSONL key (C-d.2) or the wire JSON key (B-w.1). NOT renamed by B-i.2b.	defer	C-d.2 / B-w.1
anvil-test-support/src/actor_activity_rpc.rs:194:44	F3-kind	workflow_kinds	masked-literal	string literal — the persisted JSONL key (C-d.2) or the wire JSON key (B-w.1). NOT renamed by B-i.2b.	defer	C-d.2 / B-w.1
anvil-test-support/src/builder.rs:1:55	F4-generation	workflow_generation	prose	comment/doc prose whose referent still legitimately carries the legacy name; renaming it would make the doc describe something that does not exist	defer	prose naming the persisted status.yaml kind VALUE, which keeps its live read alias — C-d.2
anvil-test-support/src/builder.rs:151:44	F4-generation	workflow_generation	prose	comment/doc prose whose referent still legitimately carries the legacy name; renaming it would make the doc describe something that does not exist	defer	prose naming the persisted status.yaml kind VALUE, which keeps its live read alias — C-d.2
anvil-test-support/src/builder.rs:172:28	F4-generation	workflow_generation	masked-literal	string literal — the persisted JSONL key (C-d.2) or the wire JSON key (B-w.1). NOT renamed by B-i.2b.	defer	C-d.2 / B-w.1
anvil-test-support/src/builder.rs:228:54	F4-generation	workflow_generation	masked-literal	string literal — the persisted JSONL key (C-d.2) or the wire JSON key (B-w.1). NOT renamed by B-i.2b.	defer	C-d.2 / B-w.1
anvil-test-support/src/builder.rs:261:35	F4-generation	workflow_generation	masked-literal	string literal — the persisted JSONL key (C-d.2) or the wire JSON key (B-w.1). NOT renamed by B-i.2b.	defer	C-d.2 / B-w.1
anvil-test-support/src/builder.rs:308:34	F4-generation	workflow_generation	masked-literal	string literal — the persisted JSONL key (C-d.2) or the wire JSON key (B-w.1). NOT renamed by B-i.2b.	defer	C-d.2 / B-w.1
anvil-test-support/src/claimed_evidence_rpc.rs:821:10	F3-kind	workflow_kind	masked-literal	string literal — the persisted JSONL key (C-d.2) or the wire JSON key (B-w.1). NOT renamed by B-i.2b.	defer	C-d.2 / B-w.1
anvil-test-support/src/engine.rs:2502:29	F3-kind	workflow_kind	core-domain	local binding — BUT its value is `&anvil_engine::proto::AvailableWorkflowKind`; deferred, see scope	defer	B-w.1 / NG-PROTO-VNEXT — binds a prost AvailableWorkflowKind message, not a kind string
anvil-test-support/src/engine.rs:2516:28	F3-kind	workflow_kind	core-domain	same binding as :2502	defer	B-w.1 / NG-PROTO-VNEXT — same binding
anvil-test-support/src/engine.rs:2517:32	F3-kind	workflow_kind	core-domain	same binding as :2502	defer	B-w.1 / NG-PROTO-VNEXT — same binding
anvil-test-support/src/engine.rs:2524:33	F3-kind	workflow_kind	core-domain	same binding as :2502	defer	B-w.1 / NG-PROTO-VNEXT — same binding
anvil-test-support/src/engine.rs:2525:33	F3-kind	workflow_kind	core-domain	same binding as :2502	defer	B-w.1 / NG-PROTO-VNEXT — same binding
anvil-test-support/src/engine.rs:4755:80	F3-kind	workflow_kind	masked-literal	string literal — the persisted JSONL key (C-d.2) or the wire JSON key (B-w.1). NOT renamed by B-i.2b.	defer	C-d.2 / B-w.1
anvil-test-support/src/engine.rs:4759:21	F3-kind	workflow_kind	core-domain	local binding from a brine step param; compared to the JSONL key literal	rename	artifact_kind
anvil-test-support/src/engine.rs:4759:74	F3-kind	workflow_kind	masked-literal	string literal — the persisted JSONL key (C-d.2) or the wire JSON key (B-w.1). NOT renamed by B-i.2b.	defer	C-d.2 / B-w.1
anvil-test-support/src/engine.rs:4769:54	F3-kind	workflow_kind	masked-literal	string literal — the persisted JSONL key (C-d.2) or the wire JSON key (B-w.1). NOT renamed by B-i.2b.	defer	C-d.2 / B-w.1
anvil-test-support/src/engine.rs:4769:78	F3-kind	workflow_kind	core-domain	local binding read	rename	artifact_kind
anvil-test-support/src/engine.rs:4783:35	F3-kind	workflow_kind	core-domain	local binding read	rename	artifact_kind
anvil-test-support/src/engine.rs:4841:74	F3-kind	workflow_kind	masked-literal	string literal — the persisted JSONL key (C-d.2) or the wire JSON key (B-w.1). NOT renamed by B-i.2b.	defer	C-d.2 / B-w.1
anvil-test-support/src/engine.rs:4845:21	F3-kind	workflow_kind	core-domain	local binding from a brine step param; compared to the JSONL key literal	rename	artifact_kind
anvil-test-support/src/engine.rs:4845:74	F3-kind	workflow_kind	masked-literal	string literal — the persisted JSONL key (C-d.2) or the wire JSON key (B-w.1). NOT renamed by B-i.2b.	defer	C-d.2 / B-w.1
anvil-test-support/src/engine.rs:4855:54	F3-kind	workflow_kind	masked-literal	string literal — the persisted JSONL key (C-d.2) or the wire JSON key (B-w.1). NOT renamed by B-i.2b.	defer	C-d.2 / B-w.1
anvil-test-support/src/engine.rs:4855:78	F3-kind	workflow_kind	core-domain	local binding read	rename	artifact_kind
anvil-test-support/src/engine.rs:4867:35	F3-kind	workflow_kind	core-domain	local binding read	rename	artifact_kind
anvil-test-support/src/engine.rs:12365:27	F4-generation	workflow_generation	prose	comment/doc prose whose referent still legitimately carries the legacy name; renaming it would make the doc describe something that does not exist	defer	prose naming the persisted status.yaml kind VALUE, which keeps its live read alias — C-d.2
anvil-test-support/src/engine.rs:12880:27	F4-generation	workflow_generation	prose	comment/doc prose whose referent still legitimately carries the legacy name; renaming it would make the doc describe something that does not exist	defer	prose naming the persisted status.yaml kind VALUE, which keeps its live read alias — C-d.2
anvil-test-support/src/engine.rs:12885:38	F4-generation	workflow_generation	harness-step-pattern	brine step pattern naming the WIRE RPC (proto/anvil.proto:18,24); its matching `.feature` text is B-i.3's and the RPC name is B-w.1's	defer	B-w.1 / NG-PROTO-VNEXT
anvil-test-support/src/engine.rs:12903:49	F4-generation	workflow_generation	masked-literal	string literal — the persisted JSONL key (C-d.2) or the wire JSON key (B-w.1). NOT renamed by B-i.2b.	defer	C-d.2 / B-w.1
anvil-test-support/src/engine.rs:13017:41	F4-generation	workflow_generation	prose	comment/doc prose whose referent still legitimately carries the legacy name; renaming it would make the doc describe something that does not exist	defer	prose naming the persisted status.yaml kind VALUE, which keeps its live read alias — C-d.2
anvil-test-support/src/engine.rs:13021:34	F4-generation	workflow_generation	masked-literal	string literal — the persisted JSONL key (C-d.2) or the wire JSON key (B-w.1). NOT renamed by B-i.2b.	defer	C-d.2 / B-w.1
anvil-test-support/src/engine.rs:13040:41	F4-generation	workflow_generation	masked-literal	string literal — the persisted JSONL key (C-d.2) or the wire JSON key (B-w.1). NOT renamed by B-i.2b.	defer	C-d.2 / B-w.1
anvil-test-support/src/engine.rs:13097:34	F4-generation	workflow_generation	masked-literal	string literal — the persisted JSONL key (C-d.2) or the wire JSON key (B-w.1). NOT renamed by B-i.2b.	defer	C-d.2 / B-w.1
anvil-test-support/src/engine.rs:13116:41	F4-generation	workflow_generation	masked-literal	string literal — the persisted JSONL key (C-d.2) or the wire JSON key (B-w.1). NOT renamed by B-i.2b.	defer	C-d.2 / B-w.1
anvil-test-support/src/engine.rs:13604:12	F4-generation	workflow_generation	prose	comment/doc prose whose referent still legitimately carries the legacy name; renaming it would make the doc describe something that does not exist	defer	prose naming the persisted status.yaml kind VALUE, which keeps its live read alias — C-d.2
anvil-test-support/src/generated_wire_boundary.rs:10:8	F1-activity	WorkflowActivityEntry	prose	comment/doc prose whose referent still legitimately carries the legacy name; renaming it would make the doc describe something that does not exist	defer	the boundary seam's own provenance table; it names BOTH sides deliberately and moves only with the wire — B-w.1 / NG-PROTO-VNEXT
anvil-test-support/src/generated_wire_boundary.rs:11:8	F2-fidelity	WorkflowInstanceFidelity	prose	comment/doc prose whose referent still legitimately carries the legacy name; renaming it would make the doc describe something that does not exist	defer	the boundary seam's own provenance table; it names BOTH sides deliberately and moves only with the wire — B-w.1 / NG-PROTO-VNEXT
anvil-test-support/src/generated_wire_boundary.rs:12:22	F3-kind	workflow_kind	prose	comment/doc prose whose referent still legitimately carries the legacy name; renaming it would make the doc describe something that does not exist	defer	the boundary seam's own provenance table; it names BOTH sides deliberately and moves only with the wire — B-w.1 / NG-PROTO-VNEXT
anvil-test-support/src/generated_wire_boundary.rs:13:28	F3-kind	workflow_kinds	prose	comment/doc prose whose referent still legitimately carries the legacy name; renaming it would make the doc describe something that does not exist	defer	the boundary seam's own provenance table; it names BOTH sides deliberately and moves only with the wire — B-w.1 / NG-PROTO-VNEXT
anvil-test-support/src/generated_wire_boundary.rs:62:7	F1-activity	WorkflowActivityRequest	wire-pin	this seam's OWN pin list — it names the wire surface deliberately; moving it with a rename would defeat the check it exists to be	defer	B-w.1 / NG-PROTO-VNEXT
anvil-test-support/src/generated_wire_boundary.rs:63:7	F1-activity	WorkflowActivityResponse	wire-pin	this seam's OWN pin list — it names the wire surface deliberately; moving it with a rename would defeat the check it exists to be	defer	B-w.1 / NG-PROTO-VNEXT
anvil-test-support/src/generated_wire_boundary.rs:65:7	F1-activity	WorkflowActivityEntry	wire-pin	this seam's OWN pin list — it names the wire surface deliberately; moving it with a rename would defeat the check it exists to be	defer	B-w.1 / NG-PROTO-VNEXT
anvil-test-support/src/generated_wire_boundary.rs:69:7	F2-fidelity	WorkflowFidelityRequest	wire-pin	this seam's OWN pin list — it names the wire surface deliberately; moving it with a rename would defeat the check it exists to be	defer	B-w.1 / NG-PROTO-VNEXT
anvil-test-support/src/generated_wire_boundary.rs:70:7	F2-fidelity	WorkflowFidelityResponse	wire-pin	this seam's OWN pin list — it names the wire surface deliberately; moving it with a rename would defeat the check it exists to be	defer	B-w.1 / NG-PROTO-VNEXT
anvil-test-support/src/generated_wire_boundary.rs:71:7	F2-fidelity	WorkflowInstanceFidelity	wire-pin	this seam's OWN pin list — it names the wire surface deliberately; moving it with a rename would defeat the check it exists to be	defer	B-w.1 / NG-PROTO-VNEXT
anvil-test-support/src/generated_wire_boundary.rs:74:16	F3-kind	workflow_kind	prose	comment/doc prose whose referent still legitimately carries the legacy name; renaming it would make the doc describe something that does not exist	defer	the boundary seam's own provenance table; it names BOTH sides deliberately and moves only with the wire — B-w.1 / NG-PROTO-VNEXT
anvil-test-support/src/generated_wire_boundary.rs:79:23	F3-kind	workflow_kind	wire-pin	this seam's OWN pin list — it names the wire surface deliberately; moving it with a rename would defeat the check it exists to be	defer	B-w.1 / NG-PROTO-VNEXT
anvil-test-support/src/generated_wire_boundary.rs:80:29	F3-kind	workflow_kinds	wire-pin	this seam's OWN pin list — it names the wire surface deliberately; moving it with a rename would defeat the check it exists to be	defer	B-w.1 / NG-PROTO-VNEXT
anvil-test-support/src/generated_wire_boundary.rs:96:9	F1-activity	WorkflowActivityEntry	generated-wire	the boundary seam's own compile-pin: this name is written in a TYPE or FIELD position precisely so a wire rename fails to compile here	defer	B-w.1 / NG-PROTO-VNEXT
anvil-test-support/src/generated_wire_boundary.rs:96:32	F1-activity	WorkflowActivityRequest	generated-wire	declared ONLY by prost at proto/anvil.proto:742; no anvil-core type of this name	defer	B-w.1 / NG-PROTO-VNEXT
anvil-test-support/src/generated_wire_boundary.rs:96:57	F1-activity	WorkflowActivityResponse	generated-wire	declared ONLY by prost at proto/anvil.proto:753; no anvil-core type of this name	defer	B-w.1 / NG-PROTO-VNEXT
anvil-test-support/src/generated_wire_boundary.rs:97:9	F2-fidelity	WorkflowFidelityRequest	generated-wire	declared ONLY by prost at proto/anvil.proto:1032; no anvil-core type of this name	defer	B-w.1 / NG-PROTO-VNEXT
anvil-test-support/src/generated_wire_boundary.rs:97:34	F2-fidelity	WorkflowFidelityResponse	generated-wire	declared ONLY by prost at proto/anvil.proto:1039; no anvil-core type of this name	defer	B-w.1 / NG-PROTO-VNEXT
anvil-test-support/src/generated_wire_boundary.rs:97:60	F2-fidelity	WorkflowInstanceFidelity	generated-wire	the boundary seam's own compile-pin: this name is written in a TYPE or FIELD position precisely so a wire rename fails to compile here	defer	B-w.1 / NG-PROTO-VNEXT
anvil-test-support/src/generated_wire_boundary.rs:110:31	F3-kind	workflow_kind	prose	comment/doc prose whose referent still legitimately carries the legacy name; renaming it would make the doc describe something that does not exist	defer	the boundary seam's own provenance table; it names BOTH sides deliberately and moves only with the wire — B-w.1 / NG-PROTO-VNEXT
anvil-test-support/src/generated_wire_boundary.rs:112:9	F3-kind	workflow_kind	generated-wire	the boundary seam's own compile-pin: this name is written in a TYPE or FIELD position precisely so a wire rename fails to compile here	defer	B-w.1 / NG-PROTO-VNEXT
anvil-test-support/src/generated_wire_boundary.rs:122:9	F3-kind	workflow_kinds	generated-wire	the boundary seam's own compile-pin: this name is written in a TYPE or FIELD position precisely so a wire rename fails to compile here	defer	B-w.1 / NG-PROTO-VNEXT
anvil-test-support/src/generated_wire_boundary.rs:130:38	F3-kind	workflow_kind	generated-wire	the boundary seam's own compile-pin: this name is written in a TYPE or FIELD position precisely so a wire rename fails to compile here	defer	B-w.1 / NG-PROTO-VNEXT
anvil-test-support/src/generated_wire_boundary.rs:131:41	F3-kind	workflow_kinds	generated-wire	the boundary seam's own compile-pin: this name is written in a TYPE or FIELD position precisely so a wire rename fails to compile here	defer	B-w.1 / NG-PROTO-VNEXT
anvil-test-support/src/generated_wire_boundary.rs:137:11	F1-activity	WorkflowActivityRequest	wire-pin	this seam's OWN pin list — it names the wire surface deliberately; moving it with a rename would defeat the check it exists to be	defer	B-w.1 / NG-PROTO-VNEXT
anvil-test-support/src/generated_wire_boundary.rs:137:64	F1-activity	WorkflowActivityRequest	generated-wire	declared ONLY by prost at proto/anvil.proto:742; no anvil-core type of this name	defer	B-w.1 / NG-PROTO-VNEXT
anvil-test-support/src/generated_wire_boundary.rs:138:11	F1-activity	WorkflowActivityResponse	wire-pin	this seam's OWN pin list — it names the wire surface deliberately; moving it with a rename would defeat the check it exists to be	defer	B-w.1 / NG-PROTO-VNEXT
anvil-test-support/src/generated_wire_boundary.rs:138:65	F1-activity	WorkflowActivityResponse	generated-wire	declared ONLY by prost at proto/anvil.proto:753; no anvil-core type of this name	defer	B-w.1 / NG-PROTO-VNEXT
anvil-test-support/src/generated_wire_boundary.rs:140:11	F1-activity	WorkflowActivityEntry	wire-pin	this seam's OWN pin list — it names the wire surface deliberately; moving it with a rename would defeat the check it exists to be	defer	B-w.1 / NG-PROTO-VNEXT
anvil-test-support/src/generated_wire_boundary.rs:140:62	F1-activity	WorkflowActivityEntry	generated-wire	the boundary seam's own compile-pin: this name is written in a TYPE or FIELD position precisely so a wire rename fails to compile here	defer	B-w.1 / NG-PROTO-VNEXT
anvil-test-support/src/generated_wire_boundary.rs:144:11	F2-fidelity	WorkflowFidelityRequest	wire-pin	this seam's OWN pin list — it names the wire surface deliberately; moving it with a rename would defeat the check it exists to be	defer	B-w.1 / NG-PROTO-VNEXT
anvil-test-support/src/generated_wire_boundary.rs:144:64	F2-fidelity	WorkflowFidelityRequest	generated-wire	declared ONLY by prost at proto/anvil.proto:1032; no anvil-core type of this name	defer	B-w.1 / NG-PROTO-VNEXT
anvil-test-support/src/generated_wire_boundary.rs:145:11	F2-fidelity	WorkflowFidelityResponse	wire-pin	this seam's OWN pin list — it names the wire surface deliberately; moving it with a rename would defeat the check it exists to be	defer	B-w.1 / NG-PROTO-VNEXT
anvil-test-support/src/generated_wire_boundary.rs:145:65	F2-fidelity	WorkflowFidelityResponse	generated-wire	declared ONLY by prost at proto/anvil.proto:1039; no anvil-core type of this name	defer	B-w.1 / NG-PROTO-VNEXT
anvil-test-support/src/generated_wire_boundary.rs:146:11	F2-fidelity	WorkflowInstanceFidelity	wire-pin	this seam's OWN pin list — it names the wire surface deliberately; moving it with a rename would defeat the check it exists to be	defer	B-w.1 / NG-PROTO-VNEXT
anvil-test-support/src/generated_wire_boundary.rs:146:65	F2-fidelity	WorkflowInstanceFidelity	generated-wire	the boundary seam's own compile-pin: this name is written in a TYPE or FIELD position precisely so a wire rename fails to compile here	defer	B-w.1 / NG-PROTO-VNEXT
anvil-test-support/src/generated_wire_boundary.rs:400:25	F3-kind	workflow_kind	core-domain	anvil_core ActivityLogRecord literal in LEG 4's real-adapter write	rename	artifact_kind
anvil-test-support/src/hook_manifest_fold.rs:281:60	F3-kind	workflow_kind	core-domain	`h` iterates Vec<anvil_core::domain::hook_manifest::ResolvedHook> (imported :10)	rename	artifact_kind
anvil-test-support/src/hook_manifest_fold.rs:288:46	F3-kind	workflow_kind	masked-literal	string literal — the persisted JSONL key (C-d.2) or the wire JSON key (B-w.1). NOT renamed by B-i.2b.	defer	C-d.2 / B-w.1
anvil-test-support/src/hook_manifest_fold.rs:302:25	F3-kind	workflow_kind	core-domain	same core ResolvedHook	rename	artifact_kind
anvil-test-support/src/hook_manifest_fold.rs:316:30	F3-kind	workflow_kind	core-domain	same core ResolvedHook	rename	artifact_kind
anvil-test-support/src/hook_manifest_rpc.rs:85:21	F3-kind	workflow_kind	generated-wire	`h` iterates `anvil_engine::proto::HookManifestResponse.hooks`; return type is `&anvil_engine::proto::ResolvedHook` (:82) — proto/anvil.proto:892	defer	B-w.1 / NG-PROTO-VNEXT
anvil-test-support/src/hook_manifest_rpc.rs:107:20	F3-kind	workflow_kind	masked-literal	string literal — the persisted JSONL key (C-d.2) or the wire JSON key (B-w.1). NOT renamed by B-i.2b.	defer	C-d.2 / B-w.1
anvil-test-support/src/hook_manifest_rpc.rs:263:51	F3-kind	workflow_kind	harness-step-pattern	brine step pattern naming the WIRE RPC (proto/anvil.proto:18,24); its matching `.feature` text is B-i.3's and the RPC name is B-w.1's	defer	B-w.1 / NG-PROTO-VNEXT
anvil-test-support/src/hook_manifest_rpc.rs:292:45	F3-kind	workflow_kind	harness-step-pattern	brine step pattern naming the WIRE RPC (proto/anvil.proto:18,24); its matching `.feature` text is B-i.3's and the RPC name is B-w.1's	defer	B-w.1 / NG-PROTO-VNEXT
anvil-test-support/src/hook_manifest_rpc.rs:363:58	F3-kind	workflow_kind	masked-literal	string literal — the persisted JSONL key (C-d.2) or the wire JSON key (B-w.1). NOT renamed by B-i.2b.	defer	C-d.2 / B-w.1
anvil-test-support/src/hook_manifest_rpc.rs:385:52	F3-kind	workflow_kind	masked-literal	string literal — the persisted JSONL key (C-d.2) or the wire JSON key (B-w.1). NOT renamed by B-i.2b.	defer	C-d.2 / B-w.1
anvil-test-support/src/mcp.rs:2562:21	F3-kind	workflow_kind	core-domain	local binding — BUT its value is a JSON element of the wire `available_workflow_kinds` array; deferred, see scope	defer	B-w.1 / NG-PROTO-VNEXT — binds an element of the wire available_workflow_kinds array
anvil-test-support/src/mcp.rs:2576:21	F3-kind	workflow_kind	core-domain	same binding as :2562	defer	B-w.1 / NG-PROTO-VNEXT — same binding
anvil-test-support/src/mcp.rs:2579:35	F3-kind	workflow_kind	core-domain	same binding as :2562	defer	B-w.1 / NG-PROTO-VNEXT — same binding
anvil-test-support/src/mcp.rs:2583:21	F3-kind	workflow_kind	core-domain	same binding as :2562	defer	B-w.1 / NG-PROTO-VNEXT — same binding
anvil-test-support/src/mcp.rs:2586:35	F3-kind	workflow_kind	core-domain	same binding as :2562	defer	B-w.1 / NG-PROTO-VNEXT — same binding
anvil-test-support/src/mcp.rs:8411:25	F4-generation	workflow_generation	masked-literal	string literal — the persisted JSONL key (C-d.2) or the wire JSON key (B-w.1). NOT renamed by B-i.2b.	defer	C-d.2 / B-w.1
anvil-test-support/src/orchestrate.rs:380:57	F3-kind	workflow_kind	prose	comment/doc prose whose referent still legitimately carries the legacy name; renaming it would make the doc describe something that does not exist	defer	PROVENANCE: names the pre-rename identifier on purpose; migrating it would make the sentence false — NO OWNER, it stays
anvil-test-support/src/outcome_predicate_fold.rs:74:44	F3-kind	workflow_kind	masked-literal	string literal — the persisted JSONL key (C-d.2) or the wire JSON key (B-w.1). NOT renamed by B-i.2b.	defer	C-d.2 / B-w.1
anvil-test-support/src/outcome_predicate_fold.rs:83:13	F3-kind	workflow_kind	core-domain	anvil_core ActivityLogRecord literal	rename	artifact_kind
anvil-test-support/src/playbook_version.rs:146:66	F3-kind	workflow_kind	masked-literal	string literal — the persisted JSONL key (C-d.2) or the wire JSON key (B-w.1). NOT renamed by B-i.2b.	defer	C-d.2 / B-w.1
anvil-test-support/src/playbook_version.rs:171:60	F3-kind	workflow_kind	masked-literal	string literal — the persisted JSONL key (C-d.2) or the wire JSON key (B-w.1). NOT renamed by B-i.2b.	defer	C-d.2 / B-w.1
anvil-test-support/src/playbook_version.rs:230:60	F3-kind	workflow_kind	masked-literal	string literal — the persisted JSONL key (C-d.2) or the wire JSON key (B-w.1). NOT renamed by B-i.2b.	defer	C-d.2 / B-w.1
anvil-test-support/src/playbook_version.rs:255:54	F3-kind	workflow_kind	masked-literal	string literal — the persisted JSONL key (C-d.2) or the wire JSON key (B-w.1). NOT renamed by B-i.2b.	defer	C-d.2 / B-w.1
anvil-test-support/src/step_measurement_evidence.rs:1473:186	F3-kind	workflow_kind	masked-literal	string literal — the persisted JSONL key (C-d.2) or the wire JSON key (B-w.1). NOT renamed by B-i.2b.	defer	C-d.2 / B-w.1
anvil-test-support/src/step_measurement_evidence_reader.rs:94:9	F3-kind	workflow_kind	core-domain	anvil_core StepMeasurementRecord literal	rename	artifact_kind
anvil-test-support/src/step_measurement_evidence_reader.rs:176:220	F3-kind	workflow_kind	masked-literal	string literal — the persisted JSONL key (C-d.2) or the wire JSON key (B-w.1). NOT renamed by B-i.2b.	defer	C-d.2 / B-w.1
anvil-test-support/src/step_measurement_evidence_reader.rs:225:216	F3-kind	workflow_kind	masked-literal	string literal — the persisted JSONL key (C-d.2) or the wire JSON key (B-w.1). NOT renamed by B-i.2b.	defer	C-d.2 / B-w.1
anvil-test-support/src/step_measurement_evidence_reader.rs:238:251	F3-kind	workflow_kind	masked-literal	string literal — the persisted JSONL key (C-d.2) or the wire JSON key (B-w.1). NOT renamed by B-i.2b.	defer	C-d.2 / B-w.1
anvil-test-support/src/step_measurement_evidence_reader.rs:251:216	F3-kind	workflow_kind	masked-literal	string literal — the persisted JSONL key (C-d.2) or the wire JSON key (B-w.1). NOT renamed by B-i.2b.	defer	C-d.2 / B-w.1
anvil-test-support/src/step_measurement_sink.rs:75:25	F3-kind	workflow_kind	core-domain	anvil_core StepMeasurementRecord literal	rename	artifact_kind
anvil-test-support/src/step_measurement_sink.rs:129:25	F3-kind	workflow_kind	core-domain	anvil_core StepMeasurementRecord literal	rename	artifact_kind
anvil-test-support/src/step_two_by_two.rs:53:44	F3-kind	workflow_kind	masked-literal	string literal — the persisted JSONL key (C-d.2) or the wire JSON key (B-w.1). NOT renamed by B-i.2b.	defer	C-d.2 / B-w.1
anvil-test-support/src/step_two_by_two.rs:62:13	F3-kind	workflow_kind	core-domain	anvil_core ActivityLogRecord literal	rename	artifact_kind
anvil-test-support/src/step_two_by_two.rs:87:40	F3-kind	workflow_kind	masked-literal	string literal — the persisted JSONL key (C-d.2) or the wire JSON key (B-w.1). NOT renamed by B-i.2b.	defer	C-d.2 / B-w.1
anvil-test-support/src/step_two_by_two.rs:105:13	F3-kind	workflow_kind	core-domain	anvil_core ReviewVerdictRecord literal	rename	artifact_kind
anvil-test-support/src/survivor_outcome.rs:56:44	F3-kind	workflow_kind	masked-literal	string literal — the persisted JSONL key (C-d.2) or the wire JSON key (B-w.1). NOT renamed by B-i.2b.	defer	C-d.2 / B-w.1
anvil-test-support/src/survivor_outcome.rs:65:13	F3-kind	workflow_kind	core-domain	anvil_core ActivityLogRecord literal	rename	artifact_kind
anvil-test-support/src/survivor_outcome.rs:91:44	F3-kind	workflow_kind	masked-literal	string literal — the persisted JSONL key (C-d.2) or the wire JSON key (B-w.1). NOT renamed by B-i.2b.	defer	C-d.2 / B-w.1
anvil-test-support/src/survivor_outcome.rs:106:13	F3-kind	workflow_kind	core-domain	anvil_core WorkflowMeasurementRecord literal	rename	artifact_kind
anvil-test-support/src/usage_timeseries.rs:31:38	F3-kind	workflow_kind	prose	comment/doc prose whose referent still legitimately carries the legacy name; renaming it would make the doc describe something that does not exist	defer	prose naming the persisted JSONL key / wire JSON key, which B-i.2b deliberately did NOT move — C-d.2 (persisted) / B-w.1 (wire)
anvil-test-support/src/usage_timeseries.rs:48:26	F3-kind	workflow_kind	prose	comment/doc prose whose referent still legitimately carries the legacy name; renaming it would make the doc describe something that does not exist	defer	prose naming the persisted JSONL key / wire JSON key, which B-i.2b deliberately did NOT move — C-d.2 (persisted) / B-w.1 (wire)
anvil-test-support/src/usage_timeseries.rs:49:6	F3-kind	workflow_kind	prose	comment/doc prose whose referent still legitimately carries the legacy name; renaming it would make the doc describe something that does not exist	defer	prose naming the persisted JSONL key / wire JSON key, which B-i.2b deliberately did NOT move — C-d.2 (persisted) / B-w.1 (wire)
anvil-test-support/src/usage_timeseries.rs:50:6	F3-kind	workflow_kind	prose	comment/doc prose whose referent still legitimately carries the legacy name; renaming it would make the doc describe something that does not exist	defer	prose naming the persisted JSONL key / wire JSON key, which B-i.2b deliberately did NOT move — C-d.2 (persisted) / B-w.1 (wire)
anvil-test-support/src/usage_timeseries.rs:51:6	F3-kind	workflow_kind	prose	comment/doc prose whose referent still legitimately carries the legacy name; renaming it would make the doc describe something that does not exist	defer	prose naming the persisted JSONL key / wire JSON key, which B-i.2b deliberately did NOT move — C-d.2 (persisted) / B-w.1 (wire)
anvil-test-support/src/usage_timeseries.rs:59:44	F3-kind	workflow_kind	masked-literal	string literal — the persisted JSONL key (C-d.2) or the wire JSON key (B-w.1). NOT renamed by B-i.2b.	defer	C-d.2 / B-w.1
anvil-test-support/src/usage_timeseries.rs:64:13	F3-kind	workflow_kind	core-domain	local binding; feeds the anvil_core StepMeasurementRecord literal at :70	rename	artifact_kind
anvil-test-support/src/usage_timeseries.rs:76:13	F3-kind	workflow_kind	core-domain	anvil_core StepMeasurementRecord literal	rename	artifact_kind
anvil-test-support/src/usage_timeseries.rs:121:13	F3-kind	workflow_kind	core-domain	anvil_core StepMeasurementRecord literal	rename	artifact_kind
anvil-test-support/src/usage_timeseries.rs:205:25	F3-kind	workflow_kind	core-domain	anvil_core StepMeasurementRecord literal	rename	artifact_kind
anvil-test-support/src/usage_timeseries_rpc.rs:51:63	F3-kind	workflow_kind	prose	comment/doc prose whose referent still legitimately carries the legacy name; renaming it would make the doc describe something that does not exist	defer	prose naming the persisted JSONL key / wire JSON key, which B-i.2b deliberately did NOT move — C-d.2 (persisted) / B-w.1 (wire)
anvil-test-support/src/usage_timeseries_rpc.rs:78:13	F3-kind	workflow_kind	core-domain	anvil_core ActivityLogRecord literal	rename	artifact_kind
anvil-test-support/src/usage_timeseries_rpc.rs:99:17	F3-kind	workflow_kind	core-domain	anvil_core StepMeasurementRecord literal	rename	artifact_kind
anvil-test-support/src/usage_timeseries_rpc.rs:163:55	F3-kind	workflow_kind	prose	comment/doc prose whose referent still legitimately carries the legacy name; renaming it would make the doc describe something that does not exist	defer	prose naming the persisted JSONL key / wire JSON key, which B-i.2b deliberately did NOT move — C-d.2 (persisted) / B-w.1 (wire)
anvil-test-support/src/usage_timeseries_rpc.rs:169:25	F3-kind	workflow_kind	core-domain	anvil_core ActivityLogRecord literal	rename	artifact_kind
anvil-test-support/src/usage_timeseries_rpc.rs:197:29	F3-kind	workflow_kind	prose	comment/doc prose whose referent still legitimately carries the legacy name; renaming it would make the doc describe something that does not exist	defer	prose naming the persisted JSONL key / wire JSON key, which B-i.2b deliberately did NOT move — C-d.2 (persisted) / B-w.1 (wire)
anvil-test-support/src/usage_timeseries_rpc.rs:201:53	F3-kind	workflow_kind	masked-literal	string literal — the persisted JSONL key (C-d.2) or the wire JSON key (B-w.1). NOT renamed by B-i.2b.	defer	C-d.2 / B-w.1
anvil-test-support/src/usage_timeseries_rpc.rs:209:25	F3-kind	workflow_kind	core-domain	anvil_core ActivityLogRecord literal	rename	artifact_kind
anvil-test-support/src/usage_timeseries_rpc.rs:246:56	F3-kind	workflow_kind	prose	comment/doc prose whose referent still legitimately carries the legacy name; renaming it would make the doc describe something that does not exist	defer	prose naming the persisted JSONL key / wire JSON key, which B-i.2b deliberately did NOT move — C-d.2 (persisted) / B-w.1 (wire)
anvil-test-support/src/usage_timeseries_rpc.rs:266:29	F3-kind	workflow_kind	core-domain	anvil_core StepMeasurementRecord literal	rename	artifact_kind
anvil-test-support/src/workflow_activity.rs:4:44	F1-activity	WorkflowActivityQuery	prose	doc comment naming a type B-i.2b renames; leaving it stale breaks the rustdoc intra-doc link (cargo doc reports it, cargo build does not)	rename	ArtifactActivityQuery
anvil-test-support/src/workflow_activity.rs:13:20	F1-activity	WorkflowActivityQuery	core-domain	declared ONLY by anvil-core at anvil-core/src/domain/workflow_activity.rs:83; no proto message of this name	rename	ArtifactActivityQuery
anvil-test-support/src/workflow_activity.rs:13:43	F1-activity	WorkflowActivityResult	core-domain	declared ONLY by anvil-core at anvil-core/src/domain/workflow_activity.rs:52; no proto message of this name	rename	ArtifactActivityResult
anvil-test-support/src/workflow_activity.rs:105:39	F1-activity	WorkflowActivityResult	core-domain	declared ONLY by anvil-core at anvil-core/src/domain/workflow_activity.rs:52; no proto message of this name	rename	ArtifactActivityResult
anvil-test-support/src/workflow_activity.rs:124:8	F1-activity	WorkflowActivityQuery	core-domain	declared ONLY by anvil-core at anvil-core/src/domain/workflow_activity.rs:83; no proto message of this name	rename	ArtifactActivityQuery
anvil-test-support/src/workflow_activity.rs:210:29	F1-activity	WorkflowActivityResult	harness-type-descriptor	brine Context type descriptor for an anvil-core type; brine checks it at RUN time, so it must move with the Rust type or the step's `requires` goes red	rename	ArtifactActivityResult
anvil-test-support/src/workflow_activity.rs:220:29	F1-activity	WorkflowActivityResult	harness-type-descriptor	brine Context type descriptor for an anvil-core type; brine checks it at RUN time, so it must move with the Rust type or the step's `requires` goes red	rename	ArtifactActivityResult
anvil-test-support/src/workflow_activity.rs:230:28	F1-activity	WorkflowActivityResult	core-domain	declared ONLY by anvil-core at anvil-core/src/domain/workflow_activity.rs:52; no proto message of this name	rename	ArtifactActivityResult
anvil-test-support/src/workflow_activity.rs:250:29	F1-activity	WorkflowActivityResult	harness-type-descriptor	brine Context type descriptor for an anvil-core type; brine checks it at RUN time, so it must move with the Rust type or the step's `requires` goes red	rename	ArtifactActivityResult
anvil-test-support/src/workflow_activity.rs:255:28	F1-activity	WorkflowActivityResult	core-domain	declared ONLY by anvil-core at anvil-core/src/domain/workflow_activity.rs:52; no proto message of this name	rename	ArtifactActivityResult
anvil-test-support/src/workflow_activity.rs:272:29	F1-activity	WorkflowActivityResult	harness-type-descriptor	brine Context type descriptor for an anvil-core type; brine checks it at RUN time, so it must move with the Rust type or the step's `requires` goes red	rename	ArtifactActivityResult
anvil-test-support/src/workflow_activity.rs:277:28	F1-activity	WorkflowActivityResult	core-domain	declared ONLY by anvil-core at anvil-core/src/domain/workflow_activity.rs:52; no proto message of this name	rename	ArtifactActivityResult
anvil-test-support/src/workflow_activity.rs:294:29	F1-activity	WorkflowActivityResult	harness-type-descriptor	brine Context type descriptor for an anvil-core type; brine checks it at RUN time, so it must move with the Rust type or the step's `requires` goes red	rename	ArtifactActivityResult
anvil-test-support/src/workflow_activity.rs:299:28	F1-activity	WorkflowActivityResult	core-domain	declared ONLY by anvil-core at anvil-core/src/domain/workflow_activity.rs:52; no proto message of this name	rename	ArtifactActivityResult
anvil-test-support/src/workflow_activity.rs:316:29	F1-activity	WorkflowActivityResult	harness-type-descriptor	brine Context type descriptor for an anvil-core type; brine checks it at RUN time, so it must move with the Rust type or the step's `requires` goes red	rename	ArtifactActivityResult
anvil-test-support/src/workflow_activity.rs:320:28	F1-activity	WorkflowActivityResult	core-domain	declared ONLY by anvil-core at anvil-core/src/domain/workflow_activity.rs:52; no proto message of this name	rename	ArtifactActivityResult
anvil-test-support/src/workflow_activity_rpc.rs:7:23	F1-activity	WorkflowActivity	prose	comment/doc prose whose referent still legitimately carries the legacy name; renaming it would make the doc describe something that does not exist	defer	prose naming the gRPC RPC (proto/anvil.proto:18,24) — B-w.1 / NG-PROTO-VNEXT
anvil-test-support/src/workflow_activity_rpc.rs:23:34	F1-activity	WorkflowActivityResponse	generated-wire	declared ONLY by prost at proto/anvil.proto:753; no anvil-core type of this name	defer	B-w.1 / NG-PROTO-VNEXT
anvil-test-support/src/workflow_activity_rpc.rs:104:38	F1-activity	WorkflowActivityEntry	generated-wire	written `anvil_engine::proto::WorkflowActivityEntry` — prost, proto/anvil.proto:772	defer	B-w.1 / NG-PROTO-VNEXT
anvil-test-support/src/workflow_activity_rpc.rs:225:25	F3-kind	workflow_kind	core-domain	anvil_core ActivityLogRecord literal	rename	artifact_kind
anvil-test-support/src/workflow_activity_rpc.rs:276:18	F1-activity	WorkflowActivity	harness-step-pattern	brine step pattern naming the WIRE RPC (proto/anvil.proto:18,24); its matching `.feature` text is B-i.3's and the RPC name is B-w.1's	defer	B-w.1 / NG-PROTO-VNEXT
anvil-test-support/src/workflow_activity_rpc.rs:298:74	F1-activity	WorkflowActivityRequest	generated-wire	declared ONLY by prost at proto/anvil.proto:742; no anvil-core type of this name	defer	B-w.1 / NG-PROTO-VNEXT
anvil-test-support/src/workflow_activity_rpc.rs:325:18	F1-activity	WorkflowActivity	harness-step-pattern	brine step pattern naming the WIRE RPC (proto/anvil.proto:18,24); its matching `.feature` text is B-i.3's and the RPC name is B-w.1's	defer	B-w.1 / NG-PROTO-VNEXT
anvil-test-support/src/workflow_activity_rpc.rs:345:74	F1-activity	WorkflowActivityRequest	generated-wire	declared ONLY by prost at proto/anvil.proto:742; no anvil-core type of this name	defer	B-w.1 / NG-PROTO-VNEXT
anvil-test-support/src/workflow_fidelity.rs:12:68	F2-fidelity	WorkflowFidelityResult	core-domain	declared ONLY by anvil-core at anvil-core/src/domain/workflow_fidelity.rs:95; no proto message of this name	rename	PlaybookRunFidelityResult
anvil-test-support/src/workflow_fidelity.rs:54:44	F3-kind	workflow_kind	masked-literal	string literal — the persisted JSONL key (C-d.2) or the wire JSON key (B-w.1). NOT renamed by B-i.2b.	defer	C-d.2 / B-w.1
anvil-test-support/src/workflow_fidelity.rs:64:13	F3-kind	workflow_kind	core-domain	anvil_core ActivityLogRecord literal	rename	artifact_kind
anvil-test-support/src/workflow_fidelity.rs:86:17	F2-fidelity	WorkflowFidelityResult	core-domain	declared ONLY by anvil-core at anvil-core/src/domain/workflow_fidelity.rs:95; no proto message of this name	rename	PlaybookRunFidelityResult
anvil-test-support/src/workflow_fidelity.rs:159:29	F2-fidelity	WorkflowFidelityResult	harness-type-descriptor	brine Context type descriptor for an anvil-core type; brine checks it at RUN time, so it must move with the Rust type or the step's `requires` goes red	rename	PlaybookRunFidelityResult
anvil-test-support/src/workflow_fidelity.rs:177:29	F2-fidelity	WorkflowFidelityResult	harness-type-descriptor	brine Context type descriptor for an anvil-core type; brine checks it at RUN time, so it must move with the Rust type or the step's `requires` goes red	rename	PlaybookRunFidelityResult
anvil-test-support/src/workflow_fidelity.rs:195:29	F2-fidelity	WorkflowFidelityResult	harness-type-descriptor	brine Context type descriptor for an anvil-core type; brine checks it at RUN time, so it must move with the Rust type or the step's `requires` goes red	rename	PlaybookRunFidelityResult
anvil-test-support/src/workflow_fidelity.rs:200:28	F2-fidelity	WorkflowFidelityResult	core-domain	declared ONLY by anvil-core at anvil-core/src/domain/workflow_fidelity.rs:95; no proto message of this name	rename	PlaybookRunFidelityResult
anvil-test-support/src/workflow_fidelity.rs:216:29	F2-fidelity	WorkflowFidelityResult	harness-type-descriptor	brine Context type descriptor for an anvil-core type; brine checks it at RUN time, so it must move with the Rust type or the step's `requires` goes red	rename	PlaybookRunFidelityResult
anvil-test-support/src/workflow_fidelity.rs:221:28	F2-fidelity	WorkflowFidelityResult	core-domain	declared ONLY by anvil-core at anvil-core/src/domain/workflow_fidelity.rs:95; no proto message of this name	rename	PlaybookRunFidelityResult
anvil-test-support/src/workflow_fidelity.rs:237:29	F2-fidelity	WorkflowFidelityResult	harness-type-descriptor	brine Context type descriptor for an anvil-core type; brine checks it at RUN time, so it must move with the Rust type or the step's `requires` goes red	rename	PlaybookRunFidelityResult
anvil-test-support/src/workflow_fidelity.rs:241:28	F2-fidelity	WorkflowFidelityResult	core-domain	declared ONLY by anvil-core at anvil-core/src/domain/workflow_fidelity.rs:95; no proto message of this name	rename	PlaybookRunFidelityResult
anvil-test-support/src/workflow_fidelity.rs:256:29	F2-fidelity	WorkflowFidelityResult	harness-type-descriptor	brine Context type descriptor for an anvil-core type; brine checks it at RUN time, so it must move with the Rust type or the step's `requires` goes red	rename	PlaybookRunFidelityResult
anvil-test-support/src/workflow_fidelity.rs:260:28	F2-fidelity	WorkflowFidelityResult	core-domain	declared ONLY by anvil-core at anvil-core/src/domain/workflow_fidelity.rs:95; no proto message of this name	rename	PlaybookRunFidelityResult
anvil-test-support/src/workflow_fidelity.rs:274:29	F2-fidelity	WorkflowFidelityResult	harness-type-descriptor	brine Context type descriptor for an anvil-core type; brine checks it at RUN time, so it must move with the Rust type or the step's `requires` goes red	rename	PlaybookRunFidelityResult
anvil-test-support/src/workflow_fidelity.rs:279:28	F2-fidelity	WorkflowFidelityResult	core-domain	declared ONLY by anvil-core at anvil-core/src/domain/workflow_fidelity.rs:95; no proto message of this name	rename	PlaybookRunFidelityResult
anvil-test-support/src/workflow_fidelity.rs:298:29	F2-fidelity	WorkflowFidelityResult	harness-type-descriptor	brine Context type descriptor for an anvil-core type; brine checks it at RUN time, so it must move with the Rust type or the step's `requires` goes red	rename	PlaybookRunFidelityResult
anvil-test-support/src/workflow_fidelity.rs:302:28	F2-fidelity	WorkflowFidelityResult	core-domain	declared ONLY by anvil-core at anvil-core/src/domain/workflow_fidelity.rs:95; no proto message of this name	rename	PlaybookRunFidelityResult
anvil-test-support/src/workflow_fidelity.rs:316:29	F2-fidelity	WorkflowFidelityResult	harness-type-descriptor	brine Context type descriptor for an anvil-core type; brine checks it at RUN time, so it must move with the Rust type or the step's `requires` goes red	rename	PlaybookRunFidelityResult
anvil-test-support/src/workflow_fidelity.rs:321:28	F2-fidelity	WorkflowFidelityResult	core-domain	declared ONLY by anvil-core at anvil-core/src/domain/workflow_fidelity.rs:95; no proto message of this name	rename	PlaybookRunFidelityResult
anvil-test-support/src/workflow_fidelity.rs:340:29	F2-fidelity	WorkflowFidelityResult	harness-type-descriptor	brine Context type descriptor for an anvil-core type; brine checks it at RUN time, so it must move with the Rust type or the step's `requires` goes red	rename	PlaybookRunFidelityResult
anvil-test-support/src/workflow_fidelity.rs:344:28	F2-fidelity	WorkflowFidelityResult	core-domain	declared ONLY by anvil-core at anvil-core/src/domain/workflow_fidelity.rs:95; no proto message of this name	rename	PlaybookRunFidelityResult
anvil-test-support/src/workflow_fidelity.rs:358:29	F2-fidelity	WorkflowFidelityResult	harness-type-descriptor	brine Context type descriptor for an anvil-core type; brine checks it at RUN time, so it must move with the Rust type or the step's `requires` goes red	rename	PlaybookRunFidelityResult
anvil-test-support/src/workflow_fidelity.rs:362:28	F2-fidelity	WorkflowFidelityResult	core-domain	declared ONLY by anvil-core at anvil-core/src/domain/workflow_fidelity.rs:95; no proto message of this name	rename	PlaybookRunFidelityResult
anvil-test-support/src/workflow_fidelity.rs:376:29	F2-fidelity	WorkflowFidelityResult	harness-type-descriptor	brine Context type descriptor for an anvil-core type; brine checks it at RUN time, so it must move with the Rust type or the step's `requires` goes red	rename	PlaybookRunFidelityResult
anvil-test-support/src/workflow_fidelity.rs:380:28	F2-fidelity	WorkflowFidelityResult	core-domain	declared ONLY by anvil-core at anvil-core/src/domain/workflow_fidelity.rs:95; no proto message of this name	rename	PlaybookRunFidelityResult
anvil-test-support/src/workflow_fidelity.rs:394:29	F2-fidelity	WorkflowFidelityResult	harness-type-descriptor	brine Context type descriptor for an anvil-core type; brine checks it at RUN time, so it must move with the Rust type or the step's `requires` goes red	rename	PlaybookRunFidelityResult
anvil-test-support/src/workflow_fidelity.rs:398:28	F2-fidelity	WorkflowFidelityResult	core-domain	declared ONLY by anvil-core at anvil-core/src/domain/workflow_fidelity.rs:95; no proto message of this name	rename	PlaybookRunFidelityResult
anvil-test-support/src/workflow_fidelity.rs:412:29	F2-fidelity	WorkflowFidelityResult	harness-type-descriptor	brine Context type descriptor for an anvil-core type; brine checks it at RUN time, so it must move with the Rust type or the step's `requires` goes red	rename	PlaybookRunFidelityResult
anvil-test-support/src/workflow_fidelity.rs:426:28	F2-fidelity	WorkflowFidelityResult	core-domain	declared ONLY by anvil-core at anvil-core/src/domain/workflow_fidelity.rs:95; no proto message of this name	rename	PlaybookRunFidelityResult
anvil-test-support/src/workflow_fidelity.rs:477:29	F2-fidelity	WorkflowFidelityResult	harness-type-descriptor	brine Context type descriptor for an anvil-core type; brine checks it at RUN time, so it must move with the Rust type or the step's `requires` goes red	rename	PlaybookRunFidelityResult
anvil-test-support/src/workflow_fidelity.rs:482:28	F2-fidelity	WorkflowFidelityResult	core-domain	declared ONLY by anvil-core at anvil-core/src/domain/workflow_fidelity.rs:95; no proto message of this name	rename	PlaybookRunFidelityResult
anvil-test-support/src/workflow_fidelity.rs:501:29	F2-fidelity	WorkflowFidelityResult	harness-type-descriptor	brine Context type descriptor for an anvil-core type; brine checks it at RUN time, so it must move with the Rust type or the step's `requires` goes red	rename	PlaybookRunFidelityResult
anvil-test-support/src/workflow_fidelity.rs:504:28	F2-fidelity	WorkflowFidelityResult	core-domain	declared ONLY by anvil-core at anvil-core/src/domain/workflow_fidelity.rs:95; no proto message of this name	rename	PlaybookRunFidelityResult
anvil-test-support/src/ws_bridge.rs:357:75	F3-kind	workflow_kind	masked-literal	string literal — the persisted JSONL key (C-d.2) or the wire JSON key (B-w.1). NOT renamed by B-i.2b.	defer	C-d.2 / B-w.1
anvil-test-support/src/ws_bridge.rs:505:58	F1-activity	WorkflowActivityRequest	generated-wire	declared ONLY by prost at proto/anvil.proto:742; no anvil-core type of this name	defer	B-w.1 / NG-PROTO-VNEXT
